Age,Attrition,DailyRate,DistanceFromHome,Education,EmployeeCount,EmployeeNumber,EnvironmentSatisfaction,HourlyRate,JobInvolvement,JobLevel,JobSatisfaction,MonthlyIncome,MonthlyRate,NumCompaniesWorked,PercentSalaryHike,PerformanceRating,RelationshipSatisfaction,StandardHours,StockOptionLevel,TotalWorkingYears,TrainingTimesLastYear,WorkLifeBalance,YearsAtCompany,YearsInCurrentRole,YearsSinceLastPromotion,YearsWithCurrManager,BusinessTravel_Travel_Frequently,BusinessTravel_Travel_Rarely,Department_Research & Development,Department_Sales,EducationField_Life Sciences,EducationField_Marketing,EducationField_Medical,EducationField_Other,EducationField_Technical Degree,Gender_Male,JobRole_Human Resources,JobRole_Laboratory Technician,JobRole_Manager,JobRole_Manufacturing Director,JobRole_Research Director,JobRole_Research Scientist,JobRole_Sales Executive,JobRole_Sales Representative,MaritalStatus_Married,MaritalStatus_Single,OverTime_Yes,RiskScore,RiskCategory_Low,RiskCategory_Medium,Department,RiskCategory
41,1,1102,1,2,1,1,2,94,3,2,4,5993,19479,8,11,3,1,80,0,8,0,1,6,4,0,5,False,True,False,True,True,False,False,False,False,False,False,False,False,False,False,False,True,False,False,True,True,0.7384975939560977,False,False,Sales,High
49,0,279,8,1,1,2,3,61,2,2,2,5130,24907,1,23,4,4,80,1,10,3,3,10,7,1,7,True,False,True,False,True,False,False,False,False,True,False,False,False,False,False,True,False,False,True,False,False,0.0179064973642929,True,False,Research & Development,Low
37,1,1373,2,2,1,4,4,92,2,1,3,2090,2396,6,15,3,2,80,0,7,3,3,0,0,0,0,False,True,True,False,False,False,False,True,False,True,False,True,False,False,False,False,False,False,False,True,True,0.7299837812424126,False,False,Research & Development,High
33,0,1392,3,4,1,5,4,56,3,1,3,2909,23159,1,11,3,3,80,0,8,3,3,8,7,3,0,True,False,True,False,True,False,False,False,False,False,False,False,False,False,False,True,False,False,True,False,True,0.1527296296675194,True,False,Research & Development,Low
27,0,591,2,1,1,7,1,40,3,1,2,3468,16632,9,12,3,4,80,1,6,3,3,2,2,2,2,False,True,True,False,False,False,True,False,False,True,False,True,False,False,False,False,False,False,True,False,False,0.4047969235983318,False,True,Research & Development,Medium
32,0,1005,2,2,1,8,4,79,3,1,4,3068,11864,0,13,3,3,80,0,8,2,2,7,7,3,6,True,False,True,False,True,False,False,False,False,True,False,True,False,False,False,False,False,False,False,True,False,0.0728896537279358,True,False,Research & Development,Low
59,0,1324,3,3,1,10,3,81,4,1,1,2670,9964,4,20,4,1,80,3,12,3,2,1,0,0,0,False,True,True,False,False,False,True,False,False,False,False,True,False,False,False,False,False,False,True,False,True,0.2022085841564455,True,False,Research & Development,Low
30,0,1358,24,1,1,11,4,67,3,1,3,2693,13335,1,22,4,2,80,1,1,2,3,1,0,0,0,False,True,True,False,True,False,False,False,False,True,False,True,False,False,False,False,False,False,False,False,False,0.0653122188668934,True,False,Research & Development,Low
38,0,216,23,3,1,12,4,44,2,3,3,9526,8787,0,21,4,2,80,0,10,2,3,9,7,1,8,True,False,True,False,True,False,False,False,False,True,False,False,False,True,False,False,False,False,False,True,False,0.0440954138533254,True,False,Research & Development,Low
36,0,1299,27,3,1,13,3,94,3,2,3,5237,16577,6,13,3,2,80,2,17,3,2,7,7,7,7,False,True,True,False,False,False,True,False,False,True,False,False,False,False,False,False,False,False,True,False,False,0.0222441888898686,True,False,Research & Development,Low
35,0,809,16,3,1,14,1,84,4,1,2,2426,16479,0,13,3,3,80,1,6,5,3,5,4,0,3,False,True,True,False,False,False,True,False,False,True,False,True,False,False,False,False,False,False,True,False,False,0.0539058834125089,True,False,Research & Development,Low
29,0,153,15,2,1,15,4,49,2,2,3,4193,12682,0,12,3,4,80,0,10,3,3,9,5,0,8,False,True,True,False,True,False,False,False,False,False,False,True,False,False,False,False,False,False,False,True,True,0.2668764538138427,True,False,Research & Development,Low
31,0,670,26,1,1,16,1,31,3,1,3,2911,15170,1,17,3,4,80,1,5,1,2,5,2,4,3,False,True,True,False,True,False,False,False,False,True,False,False,False,False,False,True,False,False,False,False,False,0.1252202666757322,True,False,Research & Development,Low
34,0,1346,19,2,1,18,2,93,3,1,4,2661,8758,0,11,3,3,80,1,3,2,3,2,2,1,2,False,True,True,False,False,False,True,False,False,True,False,True,False,False,False,False,False,False,False,False,False,0.0419248681683439,True,False,Research & Development,Low
28,1,103,24,3,1,19,3,50,2,1,3,2028,12947,5,14,3,2,80,0,6,4,3,4,2,0,3,False,True,True,False,True,False,False,False,False,True,False,True,False,False,False,False,False,False,False,True,True,0.9136323807385726,False,False,Research & Development,High
29,0,1389,21,4,1,20,2,51,4,3,1,9980,10195,1,11,3,3,80,1,10,1,3,10,9,8,8,False,True,True,False,True,False,False,False,False,False,False,False,False,True,False,False,False,False,False,False,False,0.0161799944917064,True,False,Research & Development,Low
32,0,334,5,2,1,21,1,80,4,1,2,3298,15053,0,12,3,4,80,2,7,5,2,6,2,0,5,False,True,True,False,True,False,False,False,False,True,False,False,False,False,False,True,False,False,False,False,True,0.0838612916539907,True,False,Research & Development,Low
22,0,1123,16,2,1,22,4,96,4,1,4,2935,7324,1,13,3,2,80,2,1,2,2,1,0,0,0,False,False,True,False,False,False,True,False,False,True,False,True,False,False,False,False,False,False,False,False,True,0.1246988844081915,True,False,Research & Development,Low
53,0,1219,2,4,1,23,1,78,2,4,4,15427,22021,2,16,3,3,80,0,31,3,3,25,8,3,7,False,True,False,True,True,False,False,False,False,False,False,False,True,False,False,False,False,False,True,False,False,0.0096924771306426,True,False,Sales,Low
38,0,371,2,3,1,24,4,45,3,1,4,3944,4306,5,11,3,3,80,0,6,3,3,3,2,1,2,False,True,True,False,True,False,False,False,False,True,False,False,False,False,False,True,False,False,False,True,True,0.2575034357235479,True,False,Research & Development,Low
24,0,673,11,2,1,26,1,96,4,2,3,4011,8232,0,18,3,4,80,1,5,5,2,4,2,1,3,False,False,True,False,False,False,False,True,False,False,False,False,False,True,False,False,False,False,False,False,False,0.0023622083138027,True,False,Research & Development,Low
36,1,1218,9,4,1,27,3,82,2,1,1,3407,6986,7,23,4,2,80,0,10,4,3,5,3,0,3,False,True,False,True,True,False,False,False,False,True,False,False,False,False,False,False,False,True,False,True,False,0.589408074771052,False,True,Sales,Medium
34,0,419,7,4,1,28,1,53,3,3,2,11994,21293,0,11,3,3,80,0,13,4,3,12,6,2,11,False,True,True,False,True,False,False,False,False,False,False,False,False,False,True,False,False,False,False,True,False,0.0040395166922236,True,False,Research & Development,Low
21,0,391,15,2,1,30,3,96,3,1,4,1232,19281,1,14,3,4,80,0,0,6,3,0,0,0,0,False,True,True,False,True,False,False,False,False,True,False,False,False,False,False,True,False,False,False,True,False,0.0604762887859243,True,False,Research & Development,Low
34,1,699,6,1,1,31,2,83,3,1,1,2960,17102,2,11,3,3,80,0,8,2,3,4,2,1,3,False,True,True,False,False,False,True,False,False,True,False,False,False,False,False,True,False,False,False,True,False,0.1721179400076716,True,False,Research & Development,Low
53,0,1282,5,3,1,32,3,58,3,5,3,19094,10735,4,11,3,4,80,1,26,3,2,14,13,4,8,False,True,True,False,False,False,False,True,False,False,False,False,True,False,False,False,False,False,False,False,False,0.0004310412398852,True,False,Research & Development,Low
32,1,1125,16,1,1,33,2,72,1,1,1,3919,4681,1,22,4,2,80,0,10,5,3,10,2,6,7,True,False,True,False,True,False,False,False,False,False,False,False,False,False,False,True,False,False,False,True,True,0.8972787178757302,False,False,Research & Development,High
42,0,691,8,4,1,35,3,48,3,2,2,6825,21173,0,11,3,4,80,1,10,2,3,9,7,4,2,False,True,False,True,False,True,False,False,False,True,False,False,False,False,False,False,True,False,True,False,False,0.0444077569889366,True,False,Sales,Low
44,0,477,7,4,1,36,1,42,2,3,4,10248,2094,3,14,3,4,80,1,24,4,3,22,6,5,17,False,True,True,False,False,False,True,False,False,False,False,False,False,False,False,False,False,False,True,False,False,0.0029548514816496,True,False,Research & Development,Low
46,0,705,2,4,1,38,2,83,3,5,1,18947,22822,3,12,3,4,80,0,22,2,2,2,2,2,1,False,True,False,True,False,True,False,False,False,False,False,False,True,False,False,False,False,False,False,True,False,0.0854010556582908,True,False,Sales,Low
33,0,924,2,3,1,39,3,78,3,1,4,2496,6670,4,11,3,4,80,0,7,3,3,1,1,0,0,False,True,True,False,False,False,True,False,False,True,False,True,False,False,False,False,False,False,False,True,False,0.1114636804904262,True,False,Research & Development,Low
44,0,1459,10,4,1,40,4,41,3,2,4,6465,19121,2,13,3,4,80,0,9,5,4,4,2,1,3,False,True,True,False,False,False,False,True,False,True,False,False,False,False,False,False,False,False,True,False,True,0.0111821340869644,True,False,Research & Development,Low
30,0,125,9,2,1,41,4,83,2,1,3,2206,16117,1,13,3,1,80,0,10,5,3,10,0,1,8,False,True,True,False,False,False,True,False,False,True,False,True,False,False,False,False,False,False,False,True,False,0.2168346076970342,True,False,Research & Development,Low
39,1,895,5,3,1,42,4,56,3,2,4,2086,3335,3,14,3,3,80,1,19,6,4,1,0,0,0,False,True,False,True,False,False,False,False,True,True,False,False,False,False,False,False,False,True,True,False,False,0.0226882182391389,True,False,Sales,Low
24,1,813,1,3,1,45,2,61,3,1,4,2293,3020,2,16,3,1,80,1,6,2,2,2,0,2,0,False,True,True,False,False,False,True,False,False,True,False,False,False,False,False,True,False,False,True,False,True,0.3967183933198999,False,True,Research & Development,Medium
43,0,1273,2,2,1,46,4,72,4,1,3,2645,21923,1,12,3,4,80,2,6,3,2,5,3,1,4,False,True,True,False,False,False,True,False,False,False,False,False,False,False,False,True,False,False,False,False,False,0.001437318505374,True,False,Research & Development,Low
50,1,869,3,2,1,47,1,86,2,1,3,2683,3810,1,14,3,3,80,0,3,2,3,3,2,0,2,False,True,False,True,False,True,False,False,False,True,False,False,False,False,False,False,False,True,True,False,True,0.6746865312052273,False,True,Sales,Medium
35,0,890,2,3,1,49,4,97,3,1,4,2014,9687,1,13,3,1,80,0,2,3,3,2,2,2,2,False,True,False,True,False,True,False,False,False,False,False,False,False,False,False,False,False,True,True,False,False,0.0503280965717313,True,False,Sales,Low
36,0,852,5,4,1,51,2,82,2,1,1,3419,13072,9,14,3,4,80,1,6,3,4,1,1,0,0,False,True,True,False,True,False,False,False,False,False,False,False,False,False,False,True,False,False,True,False,True,0.5832799001213451,False,True,Research & Development,Medium
33,0,1141,1,3,1,52,3,42,4,2,1,5376,3193,2,19,3,1,80,2,10,3,3,5,3,1,3,True,False,False,True,True,False,False,False,False,False,False,False,False,False,False,False,True,False,True,False,False,0.0285081486249149,True,False,Sales,Low
35,0,464,4,2,1,53,3,75,3,1,4,1951,10910,1,12,3,3,80,1,1,3,3,1,0,0,0,False,True,True,False,False,False,False,True,False,True,False,True,False,False,False,False,False,False,False,False,False,0.031756355578526,True,False,Research & Development,Low
27,0,1240,2,4,1,54,4,33,3,1,1,2341,19715,1,13,3,4,80,1,1,6,3,1,0,0,0,False,True,True,False,True,False,False,False,False,False,False,True,False,False,False,False,False,False,False,False,False,0.0246567288445418,True,False,Research & Development,Low
26,1,1357,25,3,1,55,1,48,1,1,3,2293,10558,1,12,3,3,80,0,1,2,2,1,0,0,1,False,True,True,False,True,False,False,False,False,True,False,True,False,False,False,False,False,False,False,True,False,0.8148202879543109,False,False,Research & Development,High
27,0,994,8,3,1,56,4,37,3,3,3,8726,2975,1,15,3,4,80,0,9,0,3,9,8,1,7,True,False,False,True,True,False,False,False,False,True,False,False,False,False,False,False,True,False,False,True,False,0.0476495052384763,True,False,Sales,Low
30,0,721,1,2,1,57,3,58,3,2,4,4011,10781,1,23,4,4,80,0,12,2,3,12,8,3,7,True,False,True,False,False,False,True,False,False,False,False,True,False,False,False,False,False,False,False,True,False,0.0409544960195348,True,False,Research & Development,Low
41,1,1360,12,3,1,58,2,49,3,5,3,19545,16280,1,12,3,4,80,0,23,0,3,22,15,15,8,False,True,True,False,False,False,False,False,True,False,False,False,False,False,True,False,False,False,True,False,False,0.0119215439851909,True,False,Research & Development,Low
34,0,1065,23,4,1,60,2,72,3,2,3,4568,10034,0,20,4,3,80,0,10,2,3,9,5,8,7,False,False,False,True,False,True,False,False,False,True,False,False,False,False,False,False,True,False,False,True,False,0.1105570406246934,True,False,Sales,Low
37,0,408,19,2,1,61,2,73,3,1,2,3022,10227,4,21,4,1,80,0,8,1,3,1,0,0,0,False,True,True,False,True,False,False,False,False,True,False,False,False,False,False,True,False,False,True,False,False,0.1807474211632235,True,False,Research & Development,Low
46,0,1211,5,4,1,62,1,98,3,2,4,5772,20445,4,21,4,3,80,0,14,4,3,9,6,0,8,True,False,False,True,False,True,False,False,False,True,False,False,False,False,False,False,True,False,False,True,True,0.4082925243980229,False,True,Sales,Medium
35,0,1229,8,1,1,63,4,36,4,1,4,2269,4892,1,19,3,4,80,0,1,2,3,1,0,0,1,False,True,True,False,True,False,False,False,False,True,False,True,False,False,False,False,False,False,True,False,False,0.0145433459357552,True,False,Research & Development,Low
48,1,626,1,2,1,64,1,98,2,3,3,5381,19294,9,13,3,4,80,0,23,2,3,1,0,0,0,False,True,True,False,True,False,False,False,False,True,False,True,False,False,False,False,False,False,False,True,True,0.8487000386857376,False,False,Research & Development,High
28,1,1434,5,4,1,65,3,50,3,1,3,3441,11179,1,13,3,3,80,0,2,3,2,2,2,2,2,False,True,True,False,False,False,False,False,True,True,False,True,False,False,False,False,False,False,False,True,True,0.8687545705151225,False,False,Research & Development,High
44,0,1488,1,5,1,68,2,75,3,2,1,5454,4009,5,21,4,3,80,1,9,2,2,4,3,1,3,False,True,False,True,False,True,False,False,False,False,False,False,False,False,False,False,True,False,False,False,True,0.3011934864744961,False,True,Sales,Medium
35,0,1097,11,2,1,70,3,79,2,3,1,9884,8302,2,13,3,3,80,1,10,3,3,4,0,2,3,False,False,True,False,False,False,True,False,False,True,False,False,False,False,False,False,False,False,True,False,True,0.1067931050189223,True,False,Research & Development,Low
26,0,1443,23,3,1,72,3,47,2,2,4,4157,21436,7,19,3,3,80,1,5,2,2,2,2,0,0,False,True,False,True,False,True,False,False,False,False,False,False,False,False,False,False,True,False,True,False,True,0.699358652391116,False,True,Sales,Medium
33,0,515,1,2,1,73,1,98,3,3,4,13458,15146,1,12,3,3,80,0,15,1,3,15,14,8,12,True,False,True,False,True,False,False,False,False,False,False,False,False,False,True,False,False,False,False,True,True,0.0335601497995829,True,False,Research & Development,Low
35,0,853,18,5,1,74,2,71,3,3,1,9069,11031,1,22,4,4,80,1,9,3,2,9,8,1,8,True,False,False,True,True,False,False,False,False,True,False,False,False,False,False,False,True,False,True,False,False,0.0799033425843199,True,False,Sales,Low
35,0,1142,23,4,1,75,3,30,3,1,1,4014,16002,3,15,3,3,80,1,4,3,3,2,2,2,2,False,True,True,False,False,False,True,False,False,False,False,True,False,False,False,False,False,False,True,False,True,0.6614494073372158,False,True,Research & Development,Medium
31,0,655,7,4,1,76,4,48,3,2,4,5915,9528,3,22,4,4,80,1,10,3,2,7,7,1,7,False,True,True,False,True,False,False,False,False,True,False,True,False,False,False,False,False,False,False,False,False,0.0063206911874551,True,False,Research & Development,Low
37,0,1115,1,4,1,77,1,51,2,2,3,5993,2689,1,18,3,3,80,1,7,2,4,7,5,0,7,False,True,True,False,True,False,False,False,False,True,False,False,False,True,False,False,False,False,False,False,False,0.0041577322625273,True,False,Research & Development,Low
32,0,427,1,3,1,78,1,33,3,2,4,6162,10877,1,22,4,2,80,1,9,3,3,9,8,7,8,False,True,True,False,False,False,True,False,False,True,False,False,False,True,False,False,False,False,True,False,True,0.0699537396791925,True,False,Research & Development,Low
38,0,653,29,5,1,79,4,50,3,2,4,2406,5456,1,11,3,4,80,0,10,2,3,10,3,9,9,True,False,True,False,True,False,False,False,False,False,False,True,False,False,False,False,False,False,False,True,False,0.3076079670800046,False,True,Research & Development,Medium
50,0,989,7,2,1,80,2,43,2,5,3,18740,16701,5,12,3,4,80,1,29,2,2,27,3,13,8,False,True,True,False,False,False,True,False,False,False,False,False,False,False,True,False,False,False,False,False,True,0.2716883872481445,True,False,Research & Development,Low
59,0,1435,25,3,1,81,1,99,3,3,1,7637,2354,7,11,3,4,80,0,28,3,2,21,16,7,9,False,True,False,True,True,False,False,False,False,False,False,False,False,False,False,False,True,False,False,True,False,0.1264699474959404,True,False,Sales,Low
36,0,1223,8,3,1,83,3,59,3,3,3,10096,8202,1,13,3,2,80,3,17,2,3,17,14,12,8,False,True,True,False,False,False,False,False,True,False,False,False,False,False,False,False,False,False,False,False,False,0.004491370056141,True,False,Research & Development,Low
55,0,836,8,3,1,84,4,33,3,4,3,14756,19730,2,14,3,3,80,3,21,2,3,5,0,0,2,False,True,True,False,False,False,True,False,False,False,False,False,True,False,False,False,False,False,False,False,True,0.0071772339821023,True,False,Research & Development,Low
36,0,1195,11,3,1,85,2,95,2,2,2,6499,22656,1,13,3,3,80,0,6,3,3,6,5,0,3,True,False,True,False,True,False,False,False,False,True,False,False,False,True,False,False,False,False,False,True,False,0.1731523985815681,True,False,Research & Development,Low
45,0,1339,7,3,1,86,2,59,3,3,1,9724,18787,2,17,3,3,80,1,25,2,3,1,0,0,0,False,True,True,False,True,False,False,False,False,True,False,False,False,False,False,True,False,False,False,False,False,0.0138154322273195,True,False,Research & Development,Low
35,0,664,1,3,1,88,2,79,3,1,1,2194,5868,4,13,3,4,80,1,5,2,2,3,2,1,2,True,False,True,False,False,False,True,False,False,True,False,False,False,False,False,True,False,False,True,False,False,0.2003746775268433,True,False,Research & Development,Low
36,1,318,9,3,1,90,4,79,2,1,3,3388,21777,0,17,3,1,80,1,2,0,2,1,0,0,0,False,True,True,False,False,False,True,False,False,True,False,False,False,False,False,True,False,False,True,False,True,0.4697120025265185,False,True,Research & Development,Medium
59,0,1225,1,1,1,91,1,57,2,2,3,5473,24668,7,11,3,4,80,0,20,2,2,4,3,1,3,True,False,False,True,True,False,False,False,False,False,False,False,False,False,False,False,True,False,False,True,False,0.2087879151774253,True,False,Sales,Low
29,0,1328,2,3,1,94,3,76,3,1,2,2703,4956,0,23,4,4,80,1,6,3,3,5,4,0,4,False,True,True,False,True,False,False,False,False,True,False,False,False,False,False,True,False,False,True,False,False,0.0055102698004292,True,False,Research & Development,Low
31,0,1082,1,4,1,95,3,87,3,1,2,2501,18775,1,17,3,2,80,0,1,4,3,1,1,1,0,False,True,True,False,False,False,True,False,False,True,False,False,False,False,False,True,False,False,False,True,False,0.1022288023195804,True,False,Research & Development,Low
32,0,548,1,3,1,96,2,66,3,2,2,6220,7346,1,17,3,2,80,2,10,3,3,10,4,0,9,False,True,True,False,True,False,False,False,False,True,False,False,False,False,False,True,False,False,True,False,False,0.0108311990521821,True,False,Research & Development,Low
36,0,132,6,3,1,97,2,55,4,1,4,3038,22002,3,12,3,2,80,0,5,3,3,1,0,0,0,False,True,True,False,True,False,False,False,False,False,False,True,False,False,False,False,False,False,True,False,False,0.0628814332160057,True,False,Research & Development,Low
31,0,746,8,4,1,98,3,61,3,2,4,4424,20682,1,23,4,4,80,0,11,2,3,11,7,1,8,False,True,True,False,True,False,False,False,False,False,False,False,False,True,False,False,False,False,False,True,False,0.0049612075487108,True,False,Research & Development,Low
35,0,776,1,4,1,100,3,32,2,2,1,4312,23016,0,14,3,2,80,0,16,2,3,15,13,2,8,False,True,False,True,False,True,False,False,False,True,False,False,False,False,False,False,True,False,False,True,False,0.0524410936142083,True,False,Sales,Low
45,0,193,6,4,1,101,4,52,3,3,1,13245,15067,4,14,3,2,80,0,17,3,4,0,0,0,0,False,True,True,False,False,False,False,True,False,True,False,False,False,False,True,False,False,False,True,False,True,0.0300577102060783,True,False,Research & Development,Low
37,0,397,7,4,1,102,1,30,3,3,3,13664,25258,4,13,3,1,80,0,16,3,4,5,2,0,2,False,True,True,False,False,False,True,False,False,True,False,False,False,False,True,False,False,False,False,True,False,0.0202148833223222,True,False,Research & Development,Low
46,0,945,5,2,1,103,2,80,3,2,2,5021,10425,8,22,4,4,80,1,16,2,3,4,2,0,2,False,True,False,False,False,False,True,False,False,True,True,False,False,False,False,False,False,False,False,False,True,0.3322588267502093,False,True,Other,Medium
30,0,852,1,1,1,104,4,55,2,2,4,5126,15998,1,12,3,3,80,2,10,1,2,10,8,3,0,False,True,True,False,True,False,False,False,False,True,False,True,False,False,False,False,False,False,True,False,True,0.2850311783686014,True,False,Research & Development,Low
35,0,1214,1,3,1,105,2,30,2,1,3,2859,26278,1,18,3,1,80,0,6,3,3,6,4,0,4,False,True,True,False,False,False,True,False,False,True,False,False,False,False,False,True,False,False,False,True,False,0.0714803615943298,True,False,Research & Development,Low
55,0,111,1,2,1,106,1,70,3,3,4,10239,18092,3,14,3,4,80,1,24,4,3,1,0,1,0,False,True,False,True,True,False,False,False,False,True,False,False,False,False,False,False,True,False,True,False,False,0.0120790741145322,True,False,Sales,Low
38,0,573,6,3,1,107,2,79,1,2,4,5329,15717,7,12,3,4,80,3,17,3,3,13,11,1,9,False,False,True,False,False,False,True,False,False,False,False,False,False,False,False,True,False,False,False,False,True,0.0137307653532118,True,False,Research & Development,Low
34,0,1153,1,2,1,110,1,94,3,2,2,4325,17736,1,15,3,3,80,0,5,2,3,5,2,1,3,False,True,True,False,False,False,True,False,False,True,False,False,False,True,False,False,False,False,True,False,False,0.0383361261974722,True,False,Research & Development,Low
56,0,1400,7,3,1,112,4,49,1,3,4,7260,21698,4,11,3,1,80,0,37,3,2,6,4,0,2,False,True,True,False,True,False,False,False,False,True,False,False,False,True,False,False,False,False,False,True,False,0.0099844721984594,True,False,Research & Development,Low
23,0,541,2,1,1,113,3,62,3,1,1,2322,9518,3,13,3,3,80,1,3,3,3,0,0,0,0,False,True,False,True,False,False,False,False,True,True,False,False,False,False,False,False,False,True,False,False,False,0.389259660653906,False,True,Sales,Medium
51,0,432,9,4,1,116,4,96,3,1,4,2075,18725,3,23,4,2,80,2,10,4,3,4,2,0,3,False,True,True,False,True,False,False,False,False,True,False,True,False,False,False,False,False,False,True,False,False,0.0127656764526914,True,False,Research & Development,Low
30,0,288,2,3,1,117,3,99,2,2,4,4152,15830,1,19,3,1,80,3,11,3,3,11,10,10,8,False,True,True,False,True,False,False,False,False,True,False,False,False,False,False,False,False,False,True,False,False,0.0050020481595038,True,False,Research & Development,Low
46,1,669,9,2,1,118,3,64,2,3,4,9619,13596,1,16,3,4,80,0,9,3,3,9,8,4,7,False,True,False,True,False,False,True,False,False,True,False,False,False,False,False,False,True,False,False,True,False,0.027386122786369,True,False,Sales,Low
40,0,530,1,4,1,119,3,78,2,4,2,13503,14115,1,22,4,4,80,1,22,3,2,22,3,11,11,True,False,True,False,True,False,False,False,False,True,False,False,False,False,False,False,False,False,True,False,False,0.1089030252197858,True,False,Research & Development,Low
51,0,632,21,4,1,120,3,71,3,2,4,5441,8423,0,22,4,4,80,0,11,2,1,10,7,1,0,False,True,False,True,False,True,False,False,False,True,False,False,False,False,False,False,True,False,False,True,True,0.4715521330836804,False,True,Sales,Medium
30,0,1334,4,2,1,121,3,63,2,2,2,5209,19760,1,12,3,2,80,3,11,4,2,11,8,2,7,False,True,False,True,False,False,True,False,False,False,False,False,False,False,False,False,True,False,False,False,True,0.067633988116328,True,False,Sales,Low
46,0,638,1,3,1,124,3,40,2,3,1,10673,3142,2,13,3,3,80,1,21,5,2,10,9,9,5,True,False,True,False,False,False,True,False,False,True,False,False,False,False,False,False,False,False,True,False,True,0.1640897582781153,True,False,Research & Development,Low
32,0,1093,6,4,1,125,2,87,3,2,3,5010,24301,1,16,3,1,80,0,12,0,3,11,8,5,7,False,True,False,True,False,False,True,False,False,True,False,False,False,False,False,False,True,False,False,True,False,0.1498614390791364,True,False,Sales,Low
54,0,1217,2,4,1,126,1,60,3,3,3,13549,24001,9,12,3,1,80,1,16,5,1,4,3,0,3,False,True,True,False,False,False,False,False,True,False,False,False,False,False,True,False,False,False,True,False,False,0.0191272940754645,True,False,Research & Development,Low
24,0,1353,3,2,1,128,1,33,3,2,3,4999,17519,0,21,4,1,80,1,4,2,2,3,2,0,2,False,True,False,True,False,False,False,True,False,False,False,False,False,False,False,False,True,False,True,False,False,0.0474833997173868,True,False,Sales,Low
28,0,120,4,3,1,129,2,43,3,2,3,4221,8863,1,15,3,2,80,0,5,3,4,5,4,0,4,False,False,False,True,False,False,True,False,False,True,False,False,False,False,False,False,True,False,True,False,False,0.0092747997205619,True,False,Sales,Low
58,0,682,10,4,1,131,4,37,3,4,3,13872,24409,0,13,3,3,80,0,38,1,2,37,10,1,8,False,True,False,True,False,False,True,False,False,True,False,False,False,False,False,False,True,False,False,True,False,0.0528086960307108,True,False,Sales,Low
44,0,489,23,3,1,132,2,67,3,2,2,2042,25043,4,12,3,3,80,1,17,3,4,3,2,1,2,False,False,True,False,False,False,True,False,False,True,False,True,False,False,False,False,False,False,True,False,False,0.0436252581458798,True,False,Research & Development,Low
37,1,807,6,4,1,133,3,63,3,1,1,2073,23648,4,22,4,4,80,0,7,3,3,3,2,0,2,False,True,False,False,False,False,False,False,False,True,True,False,False,False,False,False,False,False,False,False,True,0.5290735987080569,False,True,Other,Medium
32,0,827,1,1,1,134,4,71,3,1,1,2956,15178,1,13,3,4,80,0,1,2,3,1,0,0,0,False,True,True,False,True,False,False,False,False,True,False,False,False,False,False,True,False,False,False,True,False,0.088118177971339,True,False,Research & Development,Low
20,1,871,6,3,1,137,4,66,2,1,4,2926,19783,1,18,3,2,80,0,1,5,3,1,0,1,0,True,False,True,False,True,False,False,False,False,False,False,True,False,False,False,False,False,False,False,True,True,0.7710693071334104,False,False,Research & Development,High
34,0,665,6,4,1,138,1,41,3,2,3,4809,12482,1,14,3,3,80,0,16,3,3,16,13,2,10,False,True,True,False,False,False,False,True,False,False,False,False,False,False,False,True,False,False,False,True,False,0.0094649168576987,True,False,Research & Development,Low
37,0,1040,2,2,1,139,3,100,2,2,4,5163,15850,5,14,3,4,80,1,17,2,4,1,0,0,0,False,False,True,False,True,False,False,False,False,True,False,False,False,False,False,False,False,False,False,False,False,0.001174577161054,True,False,Research & Development,Low
59,0,1420,2,4,1,140,3,32,2,5,4,18844,21922,9,21,4,4,80,1,30,3,3,3,2,2,2,False,False,False,False,False,False,False,False,False,False,False,False,True,False,False,False,False,False,True,False,False,0.0014424272449708,True,False,Other,Low
50,0,1115,1,3,1,141,1,73,3,5,2,18172,9755,3,19,3,1,80,0,28,1,2,8,3,0,7,True,False,True,False,True,False,False,False,False,False,False,False,False,False,True,False,False,False,True,False,True,0.0317132662918058,True,False,Research & Development,Low
25,1,240,5,3,1,142,3,46,2,2,3,5744,26959,1,11,3,4,80,0,6,1,3,6,4,0,3,False,True,False,True,False,True,False,False,False,True,False,False,False,False,False,False,True,False,False,True,True,0.6778338924113193,False,True,Sales,Medium
25,0,1280,7,1,1,143,4,64,2,1,4,2889,26897,1,11,3,3,80,2,2,2,3,2,2,2,1,False,True,True,False,False,False,True,False,False,True,False,False,False,False,False,True,False,False,True,False,False,0.0214970961141858,True,False,Research & Development,Low
22,0,534,15,3,1,144,2,59,3,1,4,2871,23785,1,15,3,3,80,0,1,5,3,0,0,0,0,False,True,True,False,False,False,True,False,False,False,False,True,False,False,False,False,False,False,False,True,False,0.1987613376757828,True,False,Research & Development,Low
51,0,1456,1,4,1,145,1,30,2,3,1,7484,25796,3,20,4,3,80,0,23,1,2,13,12,12,8,True,False,True,False,False,False,True,False,False,False,False,False,False,False,False,False,False,False,False,True,False,0.1140379314760537,True,False,Research & Development,Low
34,1,658,7,3,1,147,1,66,1,2,3,6074,22887,1,24,4,4,80,0,9,3,3,9,7,0,6,True,False,True,False,True,False,False,False,False,True,False,True,False,False,False,False,False,False,False,True,True,0.8185825207089567,False,False,Research & Development,High
54,0,142,26,3,1,148,4,30,4,4,4,17328,13871,2,12,3,3,80,0,23,3,3,5,3,4,4,False,False,False,False,False,False,False,False,False,False,False,False,True,False,False,False,False,False,False,True,True,0.0228487797213753,True,False,Other,Low
24,0,1127,18,1,1,150,2,52,3,1,3,2774,13257,0,12,3,3,80,1,6,2,3,5,3,1,2,False,True,True,False,True,False,False,False,False,True,False,True,False,False,False,False,False,False,True,False,False,0.1020012191924491,True,False,Research & Development,Low
34,0,1031,6,4,1,151,3,45,2,2,2,4505,15000,6,15,3,3,80,1,12,3,3,1,0,0,0,False,True,True,False,True,False,False,False,False,False,False,False,False,False,False,True,False,False,False,False,False,0.03381488954145,True,False,Research & Development,Low
37,0,1189,3,3,1,152,3,87,3,3,4,7428,14506,2,12,3,1,80,0,12,3,3,5,3,1,3,False,True,False,True,True,False,False,False,False,True,False,False,False,False,False,False,True,False,False,True,False,0.0414653047221819,True,False,Sales,Low
34,0,1354,5,3,1,153,3,45,2,3,1,11631,5615,2,12,3,4,80,0,14,6,3,11,10,5,8,False,True,True,False,False,False,True,False,False,False,False,False,True,False,False,False,False,False,False,True,False,0.007783493510704,True,False,Research & Development,Low
36,0,1467,11,2,1,154,2,92,3,3,4,9738,22952,0,14,3,3,80,1,10,6,3,9,7,2,8,True,False,False,True,False,False,False,False,True,False,False,False,False,False,False,False,True,False,True,False,False,0.0194781816915781,True,False,Sales,Low
36,0,922,3,2,1,155,1,39,3,1,4,2835,2561,5,22,4,1,80,1,7,2,3,1,0,0,0,False,True,True,False,True,False,False,False,False,False,False,True,False,False,False,False,False,False,False,False,False,0.0573222940858747,True,False,Research & Development,Low
43,0,394,26,2,1,158,3,92,3,4,4,16959,19494,1,12,3,4,80,2,25,3,4,25,12,4,12,True,False,False,True,True,False,False,False,False,True,False,False,True,False,False,False,False,False,True,False,True,0.0504789030621617,True,False,Sales,Low
30,0,1312,23,3,1,159,1,96,1,1,3,2613,22310,1,25,4,3,80,3,10,2,2,10,7,0,9,True,False,True,False,True,False,False,False,False,True,False,False,False,False,False,True,False,False,False,False,False,0.0597221939695229,True,False,Research & Development,Low
33,0,750,22,2,1,160,3,95,3,2,2,6146,15480,0,13,3,1,80,1,8,2,4,7,7,0,7,False,False,False,True,False,True,False,False,False,True,False,False,False,False,False,False,True,False,True,False,False,0.0089502502772014,True,False,Sales,Low
56,1,441,14,4,1,161,2,72,3,1,2,4963,4510,9,18,3,1,80,3,7,2,3,5,4,4,3,False,True,True,False,True,False,False,False,False,False,False,False,False,False,False,True,False,False,True,False,True,0.4990366413445479,False,True,Research & Development,Medium
51,0,684,6,3,1,162,1,51,3,5,3,19537,6462,7,13,3,3,80,0,23,5,3,20,18,15,15,False,True,True,False,True,False,False,False,False,True,False,False,False,False,True,False,False,False,False,True,False,0.0050931704910109,True,False,Research & Development,Low
31,1,249,6,4,1,163,2,76,1,2,3,6172,20739,4,18,3,2,80,0,12,3,2,7,7,7,7,False,True,False,True,True,False,False,False,False,True,False,False,False,False,False,False,True,False,True,False,True,0.7299735674766751,False,False,Sales,High
26,0,841,6,3,1,164,3,46,2,1,2,2368,23300,1,19,3,3,80,0,5,3,2,5,4,4,3,False,True,True,False,False,False,False,True,False,False,False,False,False,False,False,True,False,False,True,False,False,0.066333609204984,True,False,Research & Development,Low
58,1,147,23,4,1,165,4,94,3,3,4,10312,3465,1,12,3,4,80,1,40,3,2,40,10,15,6,False,True,True,False,False,False,True,False,False,False,False,False,False,False,False,False,False,False,True,False,False,0.0323757093679061,True,False,Research & Development,Low
19,1,528,22,1,1,167,4,50,3,1,3,1675,26820,1,19,3,4,80,0,0,2,2,0,0,0,0,False,True,False,True,False,True,False,False,False,True,False,False,False,False,False,False,False,True,False,True,True,0.9244699458940752,False,False,Sales,High
22,0,594,2,1,1,169,3,100,3,1,4,2523,19299,0,14,3,3,80,1,3,2,3,2,1,2,1,False,True,True,False,False,False,False,False,True,True,False,True,False,False,False,False,False,False,True,False,False,0.148079434972303,True,False,Research & Development,Low
49,0,470,20,4,1,170,3,96,3,2,1,6567,5549,1,14,3,3,80,0,16,2,2,15,11,5,11,False,True,True,False,False,False,True,False,False,False,False,False,False,True,False,False,False,False,True,False,False,0.0102557301759233,True,False,Research & Development,Low
43,0,957,28,3,1,171,2,72,4,1,3,4739,16090,4,12,3,4,80,0,18,2,3,3,2,1,2,True,False,True,False,False,False,True,False,False,False,False,False,False,False,False,True,False,False,False,True,False,0.1172761175126431,True,False,Research & Development,Low
50,0,809,12,3,1,174,3,77,3,3,4,9208,6645,4,11,3,4,80,0,16,3,3,2,2,2,1,True,False,False,True,False,True,False,False,False,False,False,False,False,False,False,False,True,False,False,True,False,0.0820499590370345,True,False,Sales,Low
31,1,542,20,3,1,175,2,71,1,2,3,4559,24788,3,11,3,3,80,1,4,2,3,2,2,2,2,False,True,False,True,True,False,False,False,False,False,False,False,False,False,False,False,True,False,True,False,True,0.7234488525453601,False,False,Sales,High
41,0,802,9,1,1,176,3,96,3,3,3,8189,21196,3,13,3,3,80,1,12,2,3,9,7,0,7,False,True,False,True,True,False,False,False,False,True,False,False,False,False,False,False,True,False,False,False,True,0.0547714719129551,True,False,Sales,Low
26,0,1355,25,1,1,177,3,61,3,1,3,2942,8916,1,23,4,4,80,1,8,3,3,8,7,5,7,False,True,False,False,True,False,False,False,False,False,True,False,False,False,False,False,False,False,True,False,False,0.0186760969652668,True,False,Other,Low
36,0,216,6,2,1,178,2,84,3,2,2,4941,2819,6,20,4,4,80,2,7,0,3,3,2,0,1,False,True,True,False,False,False,True,False,False,True,False,False,False,True,False,False,False,False,False,False,False,0.0318782575035924,True,False,Research & Development,Low
51,1,1150,8,4,1,179,1,53,1,3,4,10650,25150,2,15,3,4,80,0,18,2,3,4,2,0,3,True,False,True,False,True,False,False,False,False,True,False,False,False,True,False,False,False,False,False,True,False,0.103990712840347,True,False,Research & Development,Low
39,0,1329,4,4,1,182,4,47,2,2,3,5902,14590,4,14,3,3,80,1,17,1,4,15,11,5,9,False,True,False,True,True,False,False,False,False,False,False,False,False,False,False,False,True,False,True,False,False,0.0065808927699768,True,False,Sales,Low
25,0,959,28,3,1,183,1,41,2,2,3,8639,24835,2,18,3,4,80,0,6,3,3,2,2,2,2,False,True,False,True,True,False,False,False,False,True,False,False,False,False,False,False,True,False,True,False,False,0.2913694447094978,True,False,Sales,Low
30,0,1240,9,3,1,184,3,48,3,2,4,6347,13982,0,19,3,4,80,0,12,2,1,11,9,4,7,False,True,False,False,False,False,False,False,False,True,True,False,False,False,False,False,False,False,True,False,True,0.2508197585513452,True,False,Other,Low
32,1,1033,9,3,1,190,1,41,3,1,1,4200,10224,7,22,4,1,80,0,10,2,4,5,4,0,4,False,True,True,False,False,False,True,False,False,False,False,True,False,False,False,False,False,False,False,True,False,0.4037382526350211,False,True,Research & Development,Medium
45,0,1316,29,3,1,192,3,83,3,1,4,3452,9752,5,13,3,2,80,0,9,2,2,6,5,0,3,False,True,True,False,False,False,True,False,False,True,False,False,False,False,False,True,False,False,False,True,False,0.1162101300520023,True,False,Research & Development,Low
38,0,364,3,5,1,193,4,32,3,2,3,4317,2302,3,20,4,2,80,0,19,2,3,3,2,2,2,False,True,True,False,False,False,False,False,True,False,False,False,False,False,False,True,False,False,False,True,True,0.2801560707333953,True,False,Research & Development,Low
30,0,438,18,3,1,194,1,75,3,1,3,2632,23910,1,14,3,3,80,0,5,4,2,5,4,0,4,False,True,True,False,True,False,False,False,False,False,False,False,False,False,False,True,False,False,False,True,False,0.1028819829417014,True,False,Research & Development,Low
32,0,689,9,2,1,195,4,35,1,2,4,4668,22812,0,17,3,4,80,3,9,2,4,8,7,0,7,True,False,False,True,False,False,True,False,False,True,False,False,False,False,False,False,True,False,False,False,False,0.0051915853307731,True,False,Sales,Low
30,0,201,5,3,1,197,4,84,3,1,1,3204,10415,5,14,3,4,80,1,8,3,3,3,2,2,2,False,True,True,False,False,False,False,False,True,False,False,False,False,False,False,True,False,False,False,False,False,0.0648848953233152,True,False,Research & Development,Low
30,0,1427,2,1,1,198,2,35,2,1,4,2720,11162,0,13,3,4,80,0,6,3,3,5,3,1,2,False,True,True,False,False,False,True,False,False,True,False,True,False,False,False,False,False,False,False,True,False,0.0967511158844304,True,False,Research & Development,Low
41,0,857,10,3,1,199,4,91,2,4,1,17181,12888,4,13,3,2,80,1,21,2,2,7,6,7,7,True,False,True,False,True,False,False,False,False,True,False,False,True,False,False,False,False,False,False,False,False,0.0455473964484955,True,False,Research & Development,Low
41,0,933,9,4,1,200,3,94,3,1,1,2238,6961,2,21,4,4,80,1,7,2,3,5,0,1,4,False,True,True,False,True,False,False,False,False,True,False,True,False,False,False,False,False,False,True,False,False,0.1063237179483829,True,False,Research & Development,Low
19,0,1181,3,1,1,201,2,79,3,1,2,1483,16102,1,14,3,4,80,0,1,3,3,1,0,0,0,False,True,True,False,False,False,True,False,False,False,False,True,False,False,False,False,False,False,False,True,False,0.232557946207814,True,False,Research & Development,Low
40,0,1395,26,3,1,202,2,54,3,2,2,5605,8504,1,11,3,1,80,1,20,2,3,20,7,2,13,True,False,True,False,False,False,True,False,False,False,False,False,False,False,False,True,False,False,False,False,False,0.027289019147212,True,False,Research & Development,Low
35,0,662,1,5,1,204,3,94,3,3,2,7295,11439,1,13,3,1,80,2,10,3,3,10,8,0,6,False,True,False,True,False,True,False,False,False,True,False,False,False,False,False,False,True,False,True,False,False,0.0149238084895401,True,False,Sales,Low
53,0,1436,6,2,1,205,2,34,3,2,3,2306,16047,2,20,4,4,80,1,13,3,1,7,7,4,5,False,True,False,True,False,True,False,False,False,True,False,False,False,False,False,False,False,True,True,False,True,0.2999714945195886,True,False,Sales,Low
45,0,194,9,3,1,206,2,60,3,2,2,2348,10901,8,18,3,3,80,1,20,2,1,17,9,0,15,False,True,True,False,True,False,False,False,False,True,False,True,False,False,False,False,False,False,False,False,False,0.0438023501161775,True,False,Research & Development,Low
32,0,967,8,3,1,207,2,43,3,3,4,8998,15589,1,14,3,4,80,0,9,2,3,9,8,3,7,True,False,False,True,False,True,False,False,False,False,False,False,False,False,False,False,True,False,False,True,False,0.061352541175665,True,False,Sales,Low
29,0,1496,1,1,1,208,4,41,3,2,3,4319,26283,1,13,3,1,80,1,10,1,3,10,7,0,9,False,False,True,False,False,False,False,False,True,True,False,False,False,True,False,False,False,False,True,False,False,0.0024901742254396,True,False,Research & Development,Low
51,0,1169,7,4,1,211,2,34,2,2,3,6132,13983,2,17,3,3,80,0,10,2,3,1,0,0,0,False,True,True,False,False,False,True,False,False,True,False,False,False,True,False,False,False,False,True,False,False,0.0251990187627006,True,False,Research & Development,Low
58,0,1145,9,3,1,214,2,75,2,1,2,3346,11873,4,20,4,2,80,1,9,3,2,1,0,0,0,False,True,True,False,False,False,True,False,False,False,False,False,False,False,False,True,False,False,True,False,True,0.3207638636967284,False,True,Research & Development,Medium
40,0,630,4,4,1,215,3,67,2,3,4,10855,8552,7,11,3,1,80,1,15,2,2,12,11,2,11,False,True,False,True,False,True,False,False,False,True,False,False,False,False,False,False,True,False,True,False,False,0.0298475742865686,True,False,Sales,Low
34,0,303,2,4,1,216,3,75,3,1,3,2231,11314,6,18,3,4,80,1,6,3,3,4,3,1,2,True,False,False,True,False,True,False,False,False,False,False,False,False,False,False,False,False,True,True,False,False,0.2338689846351811,True,False,Sales,Low
22,0,1256,19,1,1,217,3,80,3,1,4,2323,11992,1,24,4,1,80,2,2,6,3,2,2,2,2,False,True,True,False,False,False,True,False,False,True,False,False,False,False,False,True,False,False,True,False,False,0.0142211937612481,True,False,Research & Development,Low
27,0,691,9,3,1,218,4,57,3,1,2,2024,5970,6,18,3,4,80,1,6,1,1,2,2,2,2,False,False,True,False,False,False,True,False,False,True,False,False,False,False,False,True,False,False,False,False,False,0.0309997536227071,True,False,Research & Development,Low
28,0,440,21,3,1,221,3,42,3,1,4,2713,6672,1,11,3,3,80,1,5,2,1,5,2,0,2,False,True,True,False,False,False,True,False,False,True,False,False,False,False,False,True,False,False,True,False,False,0.061095454031414,True,False,Research & Development,Low
57,0,334,24,2,1,223,3,83,4,3,4,9439,23402,3,16,3,2,80,1,12,2,1,5,3,1,4,False,True,True,False,True,False,False,False,False,True,False,False,False,False,False,False,False,False,False,False,True,0.0457746765080682,True,False,Research & Development,Low
27,0,1450,3,3,1,224,3,79,2,1,3,2566,25326,1,15,3,4,80,1,1,2,2,1,1,0,1,False,False,True,False,False,False,True,False,False,True,False,False,False,False,False,True,False,False,False,False,True,0.0916808981450138,True,False,Research & Development,Low
50,0,1452,11,3,1,226,3,53,3,5,2,19926,17053,3,15,3,2,80,0,21,5,3,5,4,4,4,False,True,True,False,True,False,False,False,False,False,False,False,True,False,False,False,False,False,False,True,False,0.0093635356167515,True,False,Research & Development,Low
41,0,465,14,3,1,227,1,56,3,1,3,2451,4609,4,12,3,1,80,1,13,2,3,9,8,1,8,False,True,True,False,True,False,False,False,False,True,False,False,False,False,False,True,False,False,False,False,False,0.0139884492832417,True,False,Research & Development,Low
30,0,1339,5,3,1,228,2,41,3,3,4,9419,8053,2,12,3,3,80,1,12,2,3,10,9,7,4,False,True,False,True,True,False,False,False,False,False,False,False,False,False,False,False,True,False,True,False,False,0.0167700667735849,True,False,Sales,Low
38,0,702,1,4,1,230,1,59,2,2,4,8686,12930,4,22,4,3,80,0,12,2,4,8,3,0,7,False,True,False,True,True,False,False,False,False,False,False,False,False,False,False,False,True,False,False,True,False,0.0533285295631133,True,False,Sales,Low
32,0,120,6,5,1,231,3,43,3,1,3,3038,12430,3,20,4,1,80,0,8,2,3,5,4,1,4,False,True,True,False,True,False,False,False,False,True,False,False,False,False,False,True,False,False,False,True,False,0.0762108748994507,True,False,Research & Development,Low
27,0,1157,17,3,1,233,3,51,3,1,2,3058,13364,0,16,3,4,80,1,6,3,2,5,2,1,1,False,True,True,False,False,False,False,False,True,True,False,False,False,False,False,True,False,False,True,False,True,0.5653582641807303,False,True,Research & Development,Medium
19,1,602,1,1,1,235,3,100,1,1,1,2325,20989,0,21,4,1,80,0,1,5,4,0,0,0,0,True,False,False,True,False,False,False,False,True,False,False,False,False,False,False,False,False,True,False,True,False,0.8439604620064777,False,False,Sales,High
36,0,1480,3,2,1,238,4,30,3,1,2,2088,15062,4,12,3,3,80,0,13,3,2,8,7,7,2,True,False,True,False,False,False,True,False,False,True,False,True,False,False,False,False,False,False,False,True,False,0.409636832752249,False,True,Research & Development,Medium
30,0,111,9,3,1,239,3,66,3,2,1,3072,11012,1,11,3,3,80,2,12,4,3,12,9,6,10,False,False,True,False,False,False,True,False,False,True,False,True,False,False,False,False,False,False,False,False,False,0.0103897293837214,True,False,Research & Development,Low
45,0,1268,4,2,1,240,3,30,3,2,1,5006,6319,4,11,3,1,80,1,9,3,4,5,4,0,3,False,True,False,True,True,False,False,False,False,False,False,False,False,False,False,False,True,False,False,False,True,0.0829452391440154,True,False,Sales,Low
56,0,713,8,3,1,241,3,67,3,1,1,4257,13939,4,18,3,3,80,1,19,3,3,2,2,2,2,False,True,True,False,True,False,False,False,False,False,False,False,False,False,False,True,False,False,False,False,True,0.0627184576042215,True,False,Research & Development,Low
33,0,134,2,3,1,242,3,90,3,1,4,2500,10515,0,14,3,1,80,0,4,2,4,3,1,0,2,False,True,True,False,True,False,False,False,False,True,False,False,False,False,False,True,False,False,False,True,False,0.0338006713585151,True,False,Research & Development,Low
19,1,303,2,3,1,243,2,47,2,1,4,1102,9241,1,22,4,3,80,0,1,3,2,1,0,1,0,False,True,True,False,True,False,False,False,False,True,False,True,False,False,False,False,False,False,False,True,False,0.3962159949548897,False,True,Research & Development,Medium
46,0,526,1,2,1,244,2,92,3,3,1,10453,2137,1,25,4,3,80,3,24,2,3,24,13,15,7,False,True,False,True,False,True,False,False,False,False,False,False,False,False,False,False,True,False,False,False,False,0.0371719339195872,True,False,Sales,Low
38,0,1380,9,2,1,245,3,75,3,1,4,2288,6319,1,12,3,3,80,0,2,3,3,2,2,2,1,False,True,True,False,True,False,False,False,False,False,False,True,False,False,False,False,False,False,False,True,False,0.0640591995749411,True,False,Research & Development,Low
31,0,140,12,1,1,246,3,95,3,1,4,3929,6984,8,23,4,3,80,1,7,0,3,4,2,0,2,False,True,True,False,False,False,True,False,False,False,False,False,False,False,False,True,False,False,True,False,True,0.2961056030361559,True,False,Research & Development,Low
34,0,629,27,2,1,247,4,95,3,1,2,2311,5711,2,15,3,4,80,0,9,3,3,3,2,1,2,False,True,True,False,False,False,True,False,False,False,False,False,False,False,False,True,False,False,False,True,False,0.056658758311167,True,False,Research & Development,Low
41,1,1356,20,2,1,248,2,70,3,1,2,3140,21728,1,22,4,4,80,0,4,5,2,4,3,0,2,False,True,False,True,False,True,False,False,False,False,False,False,False,False,False,False,False,True,False,True,True,0.769594284552527,False,False,Sales,High
50,0,328,1,3,1,249,3,86,2,1,3,3690,3425,2,15,3,4,80,1,5,2,2,3,2,0,2,False,True,True,False,False,False,True,False,False,True,False,True,False,False,False,False,False,False,True,False,False,0.0620801642528476,True,False,Research & Development,Low
53,0,1084,13,2,1,250,4,57,4,2,1,4450,26250,1,11,3,3,80,2,5,3,3,4,2,1,3,False,True,True,False,False,False,True,False,False,False,False,False,False,True,False,False,False,False,False,False,False,0.0028223391579578,True,False,Research & Development,Low
33,0,931,14,3,1,252,4,72,3,1,2,2756,4673,1,13,3,4,80,1,8,5,3,8,7,1,6,False,True,True,False,False,False,True,False,False,False,False,False,False,False,False,True,False,False,True,False,False,0.0029425173252843,True,False,Research & Development,Low
40,0,989,4,1,1,253,4,46,3,5,3,19033,6499,1,14,3,2,80,1,21,2,3,20,8,9,9,False,True,True,False,False,False,True,False,False,False,False,False,True,False,False,False,False,False,True,False,False,0.0037335907806439,True,False,Research & Development,Low
55,0,692,14,4,1,254,3,61,4,5,2,18722,13339,8,11,3,4,80,0,36,3,3,24,15,2,15,False,True,True,False,False,False,True,False,False,True,False,False,False,False,True,False,False,False,False,True,False,0.0007468756991818,True,False,Research & Development,Low
34,0,1069,2,1,1,256,4,45,2,2,3,9547,14074,1,17,3,3,80,0,10,2,2,10,9,1,9,True,False,True,False,True,False,False,False,False,True,False,False,False,True,False,False,False,False,True,False,False,0.0078098356606899,True,False,Research & Development,Low
51,0,313,3,3,1,258,4,98,3,4,2,13734,7192,3,18,3,3,80,0,21,6,3,7,7,1,0,False,True,True,False,False,False,True,False,False,False,False,False,False,False,False,False,False,False,False,True,False,0.0025379613607761,True,False,Research & Development,Low
52,0,699,1,4,1,259,3,65,2,5,3,19999,5678,0,14,3,1,80,1,34,5,3,33,18,11,9,False,True,True,False,True,False,False,False,False,True,False,False,True,False,False,False,False,False,True,False,False,0.0032466414690575,True,False,Research & Development,Low
27,0,894,9,3,1,260,4,99,3,1,2,2279,11781,1,16,3,4,80,0,7,2,2,7,7,0,3,False,True,True,False,False,False,True,False,False,False,False,False,False,False,False,True,False,False,False,True,False,0.0261631540272482,True,False,Research & Development,Low
35,1,556,23,2,1,261,2,50,2,2,3,5916,15497,3,13,3,1,80,0,8,1,3,1,0,0,1,False,True,True,False,True,False,False,False,False,True,False,False,False,True,False,False,False,False,True,False,True,0.59127377836121,False,True,Research & Development,Medium
43,0,1344,7,3,1,262,4,37,4,1,4,2089,5228,4,14,3,4,80,3,7,3,4,5,4,2,2,False,False,True,False,False,False,True,False,False,True,False,False,False,False,False,True,False,False,False,False,False,0.0004529988011906,True,False,Research & Development,Low
45,0,1195,2,2,1,264,1,65,2,4,4,16792,20462,9,23,4,4,80,1,22,1,3,20,8,11,8,False,False,True,False,False,False,True,False,False,True,False,False,True,False,False,False,False,False,True,False,False,0.0387583734526993,True,False,Research & Development,Low
37,0,290,21,3,1,267,2,65,4,1,1,3564,22977,1,12,3,1,80,1,8,3,2,8,7,1,7,False,True,True,False,True,False,False,False,False,True,False,False,False,False,False,True,False,False,True,False,True,0.2913876038410484,True,False,Research & Development,Low
35,0,138,2,3,1,269,2,37,3,2,2,4425,15986,5,11,3,4,80,0,10,5,3,6,2,1,2,True,False,True,False,False,False,True,False,False,False,False,True,False,False,False,False,False,False,False,True,False,0.4110643237703691,False,True,Research & Development,Medium
42,0,926,21,2,1,270,3,36,3,2,3,5265,16439,2,16,3,2,80,1,11,5,3,5,3,0,2,False,False,True,False,False,False,True,False,False,False,False,False,False,True,False,False,False,False,False,False,False,0.0014854215346967,True,False,Research & Development,Low
38,0,1261,2,4,1,271,4,88,3,2,3,6553,7259,9,14,3,2,80,0,14,3,3,1,0,0,0,False,True,True,False,True,False,False,False,False,True,False,False,False,True,False,False,False,False,True,False,False,0.0276127082135394,True,False,Research & Development,Low
38,0,1084,29,3,1,273,4,54,3,2,4,6261,4185,3,18,3,1,80,1,9,3,1,7,7,1,7,False,True,True,False,False,False,False,False,True,True,False,False,False,True,False,False,False,False,True,False,False,0.0280532110405709,True,False,Research & Development,Low
27,0,472,1,1,1,274,3,60,2,2,1,4298,9679,5,19,3,3,80,1,6,1,3,2,2,2,0,True,False,True,False,False,False,False,False,True,True,False,False,False,True,False,False,False,False,True,False,False,0.4385887256670969,False,True,Research & Development,Medium
49,0,1002,18,4,1,275,4,92,3,2,4,6804,23793,1,15,3,1,80,2,7,0,3,7,7,1,7,False,False,True,False,True,False,False,False,False,True,False,False,False,True,False,False,False,False,False,False,True,0.0078052305454119,True,False,Research & Development,Low
34,0,878,10,4,1,277,4,43,3,1,3,3815,5972,1,17,3,4,80,1,5,4,4,5,3,2,0,True,False,True,False,False,False,True,False,False,True,False,False,False,False,False,True,False,False,False,False,True,0.1126147989505243,True,False,Research & Development,Low
40,0,905,19,2,1,281,3,99,3,2,4,2741,16523,8,15,3,3,80,1,15,2,4,7,2,3,7,False,True,True,False,False,False,True,False,False,True,False,True,False,False,False,False,False,False,True,False,True,0.4303736876833692,False,True,Research & Development,Medium
38,1,1180,29,1,1,282,2,70,3,2,1,6673,11354,7,19,3,2,80,0,17,2,3,1,0,0,0,False,True,True,False,False,False,True,False,False,True,False,False,False,False,False,False,False,False,True,False,True,0.5203696813169167,False,True,Research & Development,Medium
29,1,121,27,3,1,283,2,35,3,3,4,7639,24525,1,22,4,4,80,3,10,3,2,10,4,1,9,False,True,False,True,False,True,False,False,False,False,False,False,False,False,False,False,True,False,True,False,False,0.0230638459468198,True,False,Sales,Low
22,0,1136,5,3,1,284,4,60,4,1,2,2328,12392,1,16,3,1,80,1,4,2,2,4,2,2,2,False,True,True,False,True,False,False,False,False,True,False,False,False,False,False,True,False,False,False,False,True,0.1712271286438819,True,False,Research & Development,Low
36,0,635,18,1,1,286,2,73,3,1,4,2153,7703,1,13,3,1,80,0,8,2,3,8,1,1,7,True,False,True,False,False,False,True,False,False,False,False,True,False,False,False,False,False,False,False,True,False,0.3029351826515084,False,True,Research & Development,Medium
40,0,1151,9,5,1,287,4,63,2,2,4,4876,14242,9,14,3,4,80,1,5,5,1,3,2,0,2,False,False,True,False,True,False,False,False,False,True,False,False,False,False,False,False,False,False,True,False,False,0.009152532344744,True,False,Research & Development,Low
46,0,644,1,4,1,288,4,97,3,3,1,9396,12368,7,16,3,3,80,1,17,3,3,4,2,0,3,False,True,True,False,False,False,True,False,False,True,False,False,False,False,False,False,False,False,False,False,False,0.0059358083599588,True,False,Research & Development,Low
32,1,1045,4,4,1,291,4,32,1,3,4,10400,25812,1,11,3,3,80,0,14,2,2,14,8,9,8,False,True,False,True,False,False,True,False,False,True,False,False,False,False,False,False,True,False,True,False,False,0.083496594278191,True,False,Sales,Low
30,0,829,1,1,1,292,3,88,2,3,3,8474,20925,1,22,4,3,80,0,12,2,3,11,8,5,8,False,False,True,False,True,False,False,False,False,True,False,False,False,True,False,False,False,False,False,True,False,0.0085217810269089,True,False,Research & Development,Low
27,0,1242,20,3,1,293,4,90,3,2,3,9981,12916,1,14,3,4,80,0,7,2,3,7,7,0,7,True,False,False,True,True,False,False,False,False,False,False,False,False,False,False,False,True,False,False,True,False,0.0462172941408312,True,False,Sales,Low
51,0,1469,8,4,1,296,2,81,2,3,2,12490,15736,5,16,3,4,80,2,16,5,1,10,9,4,7,False,True,True,False,True,False,False,False,False,True,False,False,False,False,True,False,False,False,True,False,False,0.0030949023277355,True,False,Research & Development,Low
30,1,1005,3,3,1,297,4,88,3,1,1,2657,8556,5,11,3,3,80,0,8,5,3,5,2,0,4,False,True,True,False,False,False,False,False,True,False,False,False,False,False,False,True,False,False,False,True,True,0.5545235149291654,False,True,Research & Development,Medium
41,0,896,6,3,1,298,4,75,3,3,4,13591,14674,3,18,3,3,80,0,16,3,3,1,0,0,0,False,True,False,True,True,False,False,False,False,False,False,False,True,False,False,False,False,False,False,True,True,0.0785118708513765,True,False,Sales,Low
30,1,334,26,4,1,299,3,52,2,2,1,6696,22967,5,15,3,3,80,0,9,5,2,6,3,0,1,True,False,False,True,False,True,False,False,False,False,False,False,False,False,False,False,True,False,False,True,False,0.8112247625138385,False,False,Sales,High
29,1,992,1,3,1,300,3,85,3,1,3,2058,19757,0,14,3,4,80,0,7,1,2,6,2,1,5,False,True,True,False,False,False,False,False,True,True,False,False,False,False,False,True,False,False,False,True,False,0.1359638940177272,True,False,Research & Development,Low
45,0,1052,6,3,1,302,4,57,2,3,4,8865,16840,6,12,3,4,80,0,23,2,3,19,7,12,8,False,False,False,True,False,False,True,False,False,False,False,False,False,False,False,False,True,False,False,True,False,0.0646749645932749,True,False,Sales,Low
54,0,1147,3,3,1,303,4,52,3,2,1,5940,17011,2,14,3,4,80,1,16,4,3,6,2,0,5,False,True,False,True,False,True,False,False,False,False,False,False,False,False,False,False,True,False,True,False,False,0.005896757125913,True,False,Sales,Low
36,0,1396,5,2,1,304,4,62,3,2,2,5914,9945,8,16,3,4,80,0,16,3,4,13,11,3,7,False,True,True,False,True,False,False,False,False,True,False,True,False,False,False,False,False,False,False,True,False,0.0525431309219713,True,False,Research & Development,Low
33,0,147,4,4,1,305,3,47,2,1,2,2622,13248,6,21,4,4,80,0,7,3,3,3,2,1,1,False,True,True,False,False,False,True,False,False,False,False,False,False,False,False,True,False,False,True,False,False,0.0668650654304865,True,False,Research & Development,Low
37,0,663,11,3,1,306,2,47,3,3,4,12185,10056,1,14,3,3,80,3,10,1,3,10,8,0,7,True,False,True,False,False,False,False,True,False,True,False,False,False,False,True,False,False,False,False,False,True,0.0072524074982924,True,False,Research & Development,Low
38,0,119,3,3,1,307,1,76,3,3,3,10609,9647,0,12,3,3,80,2,17,6,2,16,10,5,13,False,True,False,True,True,False,False,False,False,True,False,False,False,False,False,False,True,False,False,False,False,0.0050213945925026,True,False,Sales,Low
31,0,979,1,4,1,308,3,90,1,2,3,4345,4381,0,12,3,4,80,1,6,2,3,5,4,1,4,False,False,True,False,False,False,True,False,False,True,False,False,False,True,False,False,False,False,True,False,False,0.0045059569953076,True,False,Research & Development,Low
59,0,142,3,3,1,309,3,70,2,1,4,2177,8456,3,17,3,1,80,1,7,6,3,1,0,0,0,False,True,True,False,True,False,False,False,False,True,False,False,False,False,False,True,False,False,True,False,False,0.0119034609359335,True,False,Research & Development,Low
37,0,319,4,4,1,311,1,41,3,1,4,2793,2539,4,17,3,3,80,1,13,2,3,9,8,5,8,True,False,False,True,False,True,False,False,False,True,False,False,False,False,False,False,False,True,False,False,False,0.1258250720535962,True,False,Sales,Low
29,0,1413,1,1,1,312,2,42,3,3,4,7918,6599,1,14,3,4,80,1,11,5,3,11,10,4,1,True,False,False,True,False,False,True,False,False,False,False,False,False,False,False,False,True,False,True,False,False,0.0105072441000139,True,False,Sales,Low
35,0,944,1,3,1,314,3,92,3,3,3,8789,9096,1,14,3,1,80,0,10,3,4,10,7,0,8,True,False,False,True,False,True,False,False,False,False,False,False,False,False,False,False,True,False,False,True,False,0.0288697223958381,True,False,Sales,Low
29,1,896,18,1,1,315,3,86,2,1,4,2389,14961,1,13,3,3,80,0,4,3,2,4,3,0,1,False,True,True,False,False,False,True,False,False,True,False,False,False,False,False,True,False,False,False,True,True,0.5333896059558945,False,True,Research & Development,Medium
52,0,1323,2,3,1,316,3,89,2,1,4,3212,3300,7,15,3,2,80,0,6,3,2,2,2,2,2,False,True,True,False,True,False,False,False,False,False,False,True,False,False,False,False,False,False,False,True,False,0.1918658245357108,True,False,Research & Development,Low
42,0,532,4,2,1,319,3,58,3,5,4,19232,4933,1,11,3,4,80,0,22,3,3,22,17,11,15,False,True,True,False,False,False,False,False,True,True,False,False,True,False,False,False,False,False,True,False,False,0.0021033302777383,True,False,Research & Development,Low
59,0,818,6,2,1,321,2,52,3,1,3,2267,25657,8,17,3,4,80,0,7,2,2,2,2,2,2,False,True,False,False,False,False,True,False,False,True,True,False,False,False,False,False,False,False,True,False,False,0.1654093479788366,True,False,Other,Low
50,0,854,1,4,1,323,4,68,3,5,4,19517,24118,3,11,3,3,80,1,32,3,2,7,0,0,6,False,True,False,True,False,False,True,False,False,False,False,False,True,False,False,False,False,False,False,False,False,0.0009394589047729,True,False,Sales,Low
33,1,813,14,3,1,325,3,58,3,1,4,2436,22149,5,13,3,3,80,1,8,2,1,5,4,0,4,False,True,True,False,False,False,True,False,False,True,False,True,False,False,False,False,False,False,True,False,True,0.5407524932470542,False,True,Research & Development,Medium
43,0,1034,16,3,1,327,4,80,3,4,4,16064,7744,5,22,4,3,80,1,22,3,3,17,13,1,9,False,True,False,True,False,True,False,False,False,False,False,False,True,False,False,False,False,False,True,False,True,0.0086210887270311,True,False,Sales,Low
33,1,465,2,2,1,328,1,39,3,1,1,2707,21509,7,20,4,1,80,0,13,3,4,9,7,1,7,False,True,True,False,True,False,False,False,False,False,False,True,False,False,False,False,False,False,True,False,False,0.1036696513155626,True,False,Research & Development,Low
52,0,771,2,4,1,329,1,79,2,5,3,19068,21030,1,18,3,4,80,0,33,2,4,33,7,15,12,False,False,False,True,True,False,False,False,False,True,False,False,True,False,False,False,False,False,False,True,True,0.5282207624011136,False,True,Sales,Medium
32,0,1401,4,2,1,330,3,56,3,1,2,3931,20990,2,11,3,1,80,1,6,5,3,4,3,1,2,False,True,False,True,True,False,False,False,False,False,False,False,False,False,False,False,False,True,True,False,False,0.0696306219934227,True,False,Sales,Low
32,1,515,1,3,1,331,4,62,2,1,3,3730,9571,0,14,3,4,80,0,4,2,1,3,2,1,2,False,True,True,False,True,False,False,False,False,True,False,True,False,False,False,False,False,False,False,True,True,0.6950857146003503,False,True,Research & Development,Medium
39,0,1431,1,4,1,332,3,96,3,1,3,2232,15417,7,14,3,3,80,3,7,1,3,3,2,1,2,False,True,True,False,False,False,True,False,False,False,False,True,False,False,False,False,False,False,False,False,False,0.0363564453580185,True,False,Research & Development,Low
32,0,976,26,4,1,333,3,100,3,2,4,4465,12069,0,18,3,1,80,0,4,2,3,3,2,2,2,False,False,False,True,False,True,False,False,False,True,False,False,False,False,False,False,True,False,True,False,False,0.039032167697113,True,False,Sales,Low
41,0,1411,19,2,1,334,3,36,3,2,1,3072,19877,2,16,3,1,80,2,17,2,2,1,0,0,0,False,True,True,False,True,False,False,False,False,True,False,False,False,False,False,True,False,False,False,False,False,0.033519148837168,True,False,Research & Development,Low
40,0,1300,24,2,1,335,1,62,3,2,4,3319,24447,1,17,3,1,80,2,9,3,3,9,8,4,7,False,True,True,False,False,False,False,False,True,True,False,False,False,False,False,True,False,False,False,False,False,0.0305154940545098,True,False,Research & Development,Low
45,0,252,1,3,1,336,3,70,4,5,4,19202,15970,0,11,3,3,80,1,25,2,3,24,0,1,7,False,True,True,False,False,False,False,True,False,True,False,False,True,False,False,False,False,False,True,False,False,0.006429766170896,True,False,Research & Development,Low
31,0,1327,3,4,1,337,2,73,3,3,3,13675,13523,9,12,3,1,80,1,9,3,3,2,2,2,2,True,False,True,False,False,False,True,False,False,True,False,False,False,False,True,False,False,False,False,False,False,0.0275687274771858,True,False,Research & Development,Low
33,0,832,5,4,1,338,3,63,2,1,4,2911,14776,1,13,3,3,80,1,2,2,2,2,2,0,2,False,True,True,False,True,False,False,False,False,False,False,False,False,False,False,True,False,False,True,False,False,0.0180021314410057,True,False,Research & Development,Low
34,0,470,2,4,1,339,4,84,2,2,1,5957,23687,6,13,3,2,80,1,13,3,3,11,9,5,9,False,True,True,False,True,False,False,False,False,True,False,False,False,True,False,False,False,False,True,False,False,0.0323382680429501,True,False,Research & Development,Low
37,0,1017,1,2,1,340,3,83,2,1,1,3920,18697,2,14,3,1,80,1,17,2,2,3,1,0,2,False,True,True,False,False,False,True,False,False,False,False,False,False,False,False,True,False,False,True,False,False,0.0398381325899247,True,False,Research & Development,Low
45,0,1199,7,4,1,341,1,77,4,2,3,6434,5118,4,17,3,4,80,1,9,1,3,3,2,0,2,True,False,True,False,True,False,False,False,False,True,False,False,False,True,False,False,False,False,True,False,False,0.0306298884958378,True,False,Research & Development,Low
37,1,504,10,3,1,342,1,61,3,3,3,10048,22573,6,11,3,2,80,2,17,5,3,1,0,0,0,True,False,True,False,False,False,True,False,False,True,False,False,False,True,False,False,False,False,False,False,False,0.06150966570493,True,False,Research & Development,Low
39,0,505,2,4,1,343,3,64,3,3,3,10938,6420,0,25,4,4,80,0,20,1,3,19,6,11,8,True,False,True,False,False,False,False,False,True,False,False,False,False,False,False,False,False,False,False,True,False,0.1232669379727263,True,False,Research & Development,Low
29,0,665,15,3,1,346,3,60,3,1,4,2340,22673,1,19,3,1,80,0,6,1,3,6,5,1,5,False,True,True,False,True,False,False,False,False,True,False,False,False,False,False,True,False,False,False,True,False,0.0552213503562093,True,False,Research & Development,Low
42,0,916,17,2,1,347,4,82,4,2,1,6545,23016,3,13,3,3,80,0,10,1,3,3,2,0,2,False,True,True,False,True,False,False,False,False,False,False,False,False,False,False,True,False,False,False,True,True,0.3261894201698715,False,True,Research & Development,Medium
29,0,1247,20,2,1,349,4,45,3,2,4,6931,10732,2,14,3,4,80,1,10,2,3,3,2,0,2,False,True,False,True,False,True,False,False,False,True,False,False,False,False,False,False,True,False,False,False,False,0.01301569842569,True,False,Sales,Low
25,0,685,1,3,1,350,1,62,3,2,3,4898,7505,0,12,3,4,80,2,5,3,3,4,2,1,2,False,True,True,False,True,False,False,False,False,False,False,False,False,True,False,False,False,False,True,False,False,0.00893040294065,True,False,Research & Development,Low
42,0,269,2,3,1,351,4,56,2,1,1,2593,8007,0,11,3,3,80,1,10,4,3,9,6,7,8,False,True,True,False,False,False,True,False,False,False,False,True,False,False,False,False,False,False,False,False,True,0.1564357846248966,True,False,Research & Development,Low
40,0,1416,2,2,1,352,1,49,3,5,3,19436,5949,0,19,3,4,80,1,22,5,3,21,7,3,9,False,True,True,False,False,False,True,False,False,True,False,False,False,False,True,False,False,False,False,False,False,0.0004760405237806,True,False,Research & Development,Low
51,0,833,1,3,1,353,3,96,3,1,4,2723,23231,1,11,3,2,80,0,1,0,2,1,0,0,0,False,True,True,False,True,False,False,False,False,True,False,False,False,False,False,True,False,False,True,False,False,0.035551046243982,True,False,Research & Development,Low
31,1,307,29,2,1,355,3,71,2,1,2,3479,11652,0,11,3,2,80,0,6,2,4,5,4,1,4,True,False,True,False,False,False,True,False,False,True,False,True,False,False,False,False,False,False,False,True,False,0.5747583913732659,False,True,Research & Development,Medium
32,0,1311,7,3,1,359,2,100,4,1,2,2794,26062,1,20,4,3,80,0,5,3,1,5,1,0,3,True,False,True,False,True,False,False,False,False,True,False,True,False,False,False,False,False,False,True,False,False,0.2981385565818886,True,False,Research & Development,Low
38,0,1327,2,2,1,361,4,39,2,2,4,5249,19682,3,18,3,4,80,1,13,0,3,8,7,7,5,False,False,False,True,True,False,False,False,False,True,False,False,False,False,False,False,True,False,True,False,False,0.0067886383242154,True,False,Sales,Low
32,0,128,2,1,1,362,4,84,2,2,1,2176,19737,4,13,3,4,80,0,9,5,3,6,2,0,4,False,True,True,False,False,False,False,False,True,True,False,True,False,False,False,False,False,False,False,True,False,0.4389329052965495,False,True,Research & Development,Medium
46,0,488,2,3,1,363,3,75,1,4,2,16872,14977,3,12,3,2,80,1,28,2,2,7,7,7,7,False,True,False,True,False,False,False,False,True,False,False,False,True,False,False,False,False,False,True,False,True,0.2879175729036032,True,False,Sales,Low
28,1,529,2,4,1,364,1,79,3,1,3,3485,14935,2,11,3,3,80,0,5,5,1,0,0,0,0,False,True,True,False,True,False,False,False,False,True,False,True,False,False,False,False,False,False,False,True,False,0.4607451825626386,False,True,Research & Development,Medium
29,0,1210,2,3,1,366,1,78,2,2,2,6644,3687,2,19,3,2,80,2,10,2,3,0,0,0,0,False,True,False,True,False,False,True,False,False,True,False,False,False,False,False,False,True,False,True,False,False,0.1064260857552446,True,False,Sales,Low
31,0,1463,23,3,1,367,2,64,2,2,4,5582,14408,0,21,4,2,80,1,10,2,3,9,0,7,8,False,True,True,False,False,False,True,False,False,True,False,False,False,False,False,False,False,False,True,False,False,0.0406679912522931,True,False,Research & Development,Low
25,0,675,5,2,1,369,2,85,4,2,1,4000,18384,1,12,3,4,80,2,6,2,3,6,3,1,5,False,False,True,False,True,False,False,False,False,True,False,False,False,False,False,False,False,False,False,False,False,0.0022558641394812,True,False,Research & Development,Low
45,0,1385,20,2,1,372,3,79,3,4,4,13496,7501,0,14,3,2,80,0,21,2,3,20,7,4,10,False,True,True,False,False,False,True,False,False,True,False,False,False,False,False,False,False,False,True,False,True,0.0316952431648024,True,False,Research & Development,Low
36,0,1403,6,3,1,373,4,47,3,1,4,3210,20251,0,11,3,3,80,1,16,4,3,15,13,10,11,False,True,True,False,True,False,False,False,False,True,False,True,False,False,False,False,False,False,True,False,False,0.0048113422068291,True,False,Research & Development,Low
55,0,452,1,3,1,374,4,81,3,5,1,19045,18938,0,14,3,3,80,0,37,2,3,36,10,4,13,False,True,True,False,False,False,True,False,False,True,False,False,True,False,False,False,False,False,False,True,True,0.0915001619296222,True,False,Research & Development,Low
47,1,666,29,4,1,376,1,88,3,3,2,11849,10268,1,12,3,4,80,1,10,2,2,10,7,9,9,False,False,True,False,True,False,False,False,False,True,False,False,True,False,False,False,False,False,True,False,True,0.1836814073916057,True,False,Research & Development,Low
28,0,1158,9,3,1,377,4,94,3,1,4,2070,2613,1,23,4,4,80,1,5,3,2,5,2,0,4,False,True,True,False,False,False,True,False,False,True,False,False,False,False,False,True,False,False,True,False,False,0.0065158201733918,True,False,Research & Development,Low
37,0,228,6,4,1,378,3,98,3,2,4,6502,22825,4,14,3,2,80,1,7,5,4,5,4,0,1,False,True,False,True,False,False,True,False,False,True,False,False,False,False,False,False,True,False,True,False,False,0.0208143534696732,True,False,Sales,Low
21,0,996,3,2,1,379,4,100,2,1,3,3230,10531,1,17,3,1,80,0,3,4,4,3,2,1,0,False,True,True,False,False,False,True,False,False,True,False,False,False,False,False,True,False,False,False,True,False,0.069934210308409,True,False,Research & Development,Low
37,0,728,1,4,1,380,1,80,3,3,4,13603,11677,2,18,3,1,80,2,15,2,3,5,2,0,2,False,False,True,False,False,False,True,False,False,False,False,False,False,False,True,False,False,False,False,False,True,0.0034165386196908,True,False,Research & Development,Low
35,0,1315,22,3,1,381,2,71,4,3,2,11996,19100,7,18,3,2,80,1,10,6,2,7,7,6,2,False,True,True,False,True,False,False,False,False,False,False,False,True,False,False,False,False,False,False,False,False,0.0264620504849401,True,False,Research & Development,Low
38,0,322,7,2,1,382,1,44,4,2,1,5605,19191,1,24,4,3,80,1,8,3,3,8,0,7,7,False,True,False,True,False,False,True,False,False,False,False,False,False,False,False,False,True,False,False,False,True,0.3953785526394349,False,True,Sales,Medium
26,0,1479,1,3,1,384,3,84,3,2,2,6397,26767,1,20,4,1,80,1,6,6,1,6,5,1,4,True,False,True,False,True,False,False,False,False,False,False,False,False,True,False,False,False,False,False,False,False,0.0144356668512183,True,False,Research & Development,Low
50,0,797,4,1,1,385,1,96,3,5,2,19144,15815,3,14,3,1,80,2,28,4,2,10,4,1,6,False,True,True,False,True,False,False,False,False,True,False,False,False,False,True,False,False,False,False,False,False,0.0013273328398249,True,False,Research & Development,Low
53,0,1070,3,4,1,386,3,45,3,4,3,17584,21016,3,16,3,4,80,3,21,5,2,5,3,1,3,False,True,True,False,False,False,True,False,False,True,False,False,False,False,True,False,False,False,True,False,True,0.0037521564084289,True,False,Research & Development,Low
42,0,635,1,1,1,387,2,99,3,2,3,4907,24532,1,25,4,3,80,0,20,3,3,20,16,11,6,False,True,False,True,True,False,False,False,False,True,False,False,False,False,False,False,True,False,True,False,False,0.0165208612942106,True,False,Sales,Low
29,0,442,2,2,1,388,2,44,3,2,4,4554,20260,1,18,3,1,80,0,10,3,2,10,7,0,9,True,False,False,True,True,False,False,False,False,True,False,False,False,False,False,False,True,False,False,True,False,0.0721276350065408,True,False,Sales,Low
55,0,147,20,2,1,389,2,37,3,2,4,5415,15972,3,19,3,4,80,1,12,4,3,10,7,0,8,False,True,True,False,False,False,False,False,True,True,False,True,False,False,False,False,False,False,True,False,True,0.2252704958861118,True,False,Research & Development,Low
26,0,496,11,2,1,390,1,60,3,2,1,4741,22722,1,13,3,3,80,1,5,3,3,5,3,3,3,True,False,True,False,False,False,True,False,False,True,False,False,False,False,False,False,False,False,True,False,True,0.5566997123412757,False,True,Research & Development,Medium
37,0,1372,1,3,1,391,4,42,3,1,4,2115,15881,1,12,3,2,80,0,17,3,3,17,12,5,7,False,True,True,False,True,False,False,False,False,False,False,False,False,False,False,True,False,False,False,True,False,0.004136716610172,True,False,Research & Development,Low
44,1,920,24,3,1,392,4,43,3,1,3,3161,19920,3,22,4,4,80,1,19,0,1,1,0,0,0,True,False,True,False,True,False,False,False,False,True,False,True,False,False,False,False,False,False,False,False,True,0.5785960716631057,False,True,Research & Development,Medium
38,0,688,23,4,1,393,4,82,3,2,4,5745,18899,9,14,3,2,80,1,10,2,3,2,2,1,2,False,True,True,False,True,False,False,False,False,True,False,False,False,False,False,False,False,False,False,False,False,0.0185138115130547,True,False,Research & Development,Low
26,1,1449,16,4,1,394,1,45,3,1,2,2373,14180,2,13,3,4,80,1,5,2,3,3,2,0,2,False,True,True,False,False,False,True,False,False,True,False,True,False,False,False,False,False,False,False,False,True,0.5922721259252556,False,True,Research & Development,Medium
28,0,1117,8,2,1,395,4,66,3,1,4,3310,4488,1,21,4,4,80,0,5,3,3,5,3,0,2,False,True,True,False,True,False,False,False,False,False,False,False,False,False,False,True,False,False,False,True,False,0.0090850698694722,True,False,Research & Development,Low
49,0,636,10,4,1,396,3,35,3,5,1,18665,25594,9,11,3,4,80,0,22,4,3,3,2,1,2,True,False,True,False,True,False,False,False,False,False,False,False,False,False,True,False,False,False,False,True,True,0.2172181476890868,True,False,Research & Development,Low
36,0,506,3,3,1,397,3,30,3,2,2,4485,26285,4,12,3,4,80,0,10,2,3,8,0,7,7,False,True,True,False,False,False,False,False,True,True,False,False,False,False,False,True,False,False,False,True,False,0.4931084418544392,False,True,Research & Development,Medium
31,0,444,5,3,1,399,4,84,3,1,2,2789,3909,1,11,3,3,80,1,2,5,2,2,2,2,2,True,False,False,True,False,True,False,False,False,False,False,False,False,False,False,False,False,True,False,False,False,0.128296407732758,True,False,Sales,Low
26,1,950,4,4,1,401,4,48,2,2,4,5828,8450,1,12,3,2,80,0,8,0,3,8,7,7,4,False,True,False,True,False,True,False,False,False,True,False,False,False,False,False,False,True,False,False,True,True,0.6287881711426683,False,True,Sales,Medium
37,0,889,9,3,1,403,2,53,3,1,4,2326,11411,1,12,3,3,80,3,4,3,2,4,2,1,2,True,False,True,False,False,False,True,False,False,True,False,False,False,False,False,True,False,False,True,False,True,0.2671229137026671,True,False,Research & Development,Low
42,0,555,26,3,1,404,3,77,3,4,2,13525,14864,5,14,3,4,80,1,23,2,4,20,4,4,8,True,False,False,True,False,True,False,False,False,False,False,False,False,False,False,False,True,False,True,False,False,0.2398713054123756,True,False,Sales,Low
18,1,230,3,3,1,405,3,54,3,1,3,1420,25233,1,13,3,3,80,0,0,2,3,0,0,0,0,False,True,True,False,True,False,False,False,False,True,False,True,False,False,False,False,False,False,False,True,False,0.3141292280160387,False,True,Research & Development,Medium
35,0,1232,16,3,1,406,3,96,3,3,2,8020,5100,0,15,3,3,80,2,12,3,2,11,9,6,9,False,True,False,True,False,True,False,False,False,True,False,False,False,False,False,False,True,False,True,False,False,0.0232070682115912,True,False,Sales,Low
36,0,566,18,4,1,407,3,81,4,1,4,3688,7122,4,18,3,4,80,2,4,2,3,1,0,0,0,True,False,True,False,True,False,False,False,False,True,False,True,False,False,False,False,False,False,True,False,False,0.1310392853891878,True,False,Research & Development,Low
51,0,1302,2,3,1,408,4,84,1,2,2,5482,16321,5,18,3,4,80,1,13,3,3,4,1,1,2,False,True,True,False,False,False,True,False,False,True,False,False,False,True,False,False,False,False,False,False,False,0.0139216540429936,True,False,Research & Development,Low
41,0,334,2,4,1,410,4,88,3,4,2,16015,15896,1,19,3,2,80,0,22,2,3,22,10,0,4,False,True,False,True,True,False,False,False,False,True,False,False,True,False,False,False,False,False,False,True,False,0.0234179793928507,True,False,Sales,Low
18,0,812,10,3,1,411,4,69,2,1,3,1200,9724,1,12,3,1,80,0,0,2,3,0,0,0,0,False,True,False,True,False,False,True,False,False,False,False,False,False,False,False,False,False,True,False,True,False,0.4259644585133776,False,True,Sales,Medium
28,0,1476,16,2,1,412,2,68,4,2,1,5661,4824,0,19,3,3,80,0,9,2,3,8,3,0,7,False,True,True,False,False,False,True,False,False,True,False,False,False,False,False,False,False,False,False,True,False,0.0210315897384193,True,False,Research & Development,Low
31,0,218,7,3,1,416,2,100,4,2,4,6929,12241,4,11,3,2,80,1,10,3,2,8,7,7,7,False,True,False,True,False,False,False,False,True,True,False,False,False,False,False,False,True,False,True,False,False,0.1327692525089733,True,False,Sales,Low
39,0,1132,1,3,1,417,3,48,4,3,4,9613,10942,0,17,3,1,80,3,19,5,2,18,10,3,7,False,True,True,False,False,False,True,False,False,True,False,False,False,False,False,False,False,False,False,False,False,0.0003265376401085,True,False,Research & Development,Low
36,0,1105,24,4,1,419,2,47,3,2,2,5674,6927,7,15,3,3,80,1,11,3,3,9,8,0,8,False,False,True,False,True,False,False,False,False,False,False,True,False,False,False,False,False,False,True,False,False,0.0252797380740369,True,False,Research & Development,Low
32,0,906,7,3,1,420,4,91,2,2,3,5484,16985,1,14,3,3,80,1,13,3,2,13,8,4,8,False,True,False,True,True,False,False,False,False,True,False,False,False,False,False,False,True,False,True,False,False,0.0219038325877138,True,False,Sales,Low
38,0,849,25,2,1,421,1,81,2,3,2,12061,26707,3,17,3,3,80,1,19,2,3,10,8,0,1,False,True,True,False,True,False,False,False,False,False,False,False,False,False,True,False,False,False,True,False,False,0.0082616221592318,True,False,Research & Development,Low
58,0,390,1,4,1,422,4,32,1,2,3,5660,17056,2,13,3,4,80,1,12,2,3,5,3,1,2,False,False,True,False,True,False,False,False,False,True,False,False,False,False,False,False,False,False,False,False,True,0.0097116999267238,True,False,Research & Development,Low
31,0,691,5,4,1,423,3,86,3,1,4,4821,10077,0,12,3,3,80,1,6,4,3,5,2,0,3,False,True,True,False,False,False,False,False,True,True,False,False,False,False,False,True,False,False,True,False,True,0.1693649827149089,True,False,Research & Development,Low
31,0,106,2,3,1,424,1,62,2,2,1,6410,17822,3,12,3,4,80,0,9,1,3,2,2,1,0,False,True,False,False,False,False,False,False,False,True,True,False,False,False,False,False,False,False,True,False,False,0.5625708421063204,False,True,Other,Medium
45,0,1249,7,3,1,425,1,97,3,3,1,5210,20308,1,18,3,1,80,1,24,2,3,24,9,9,11,True,False,True,False,True,False,False,False,False,True,False,True,False,False,False,False,False,False,False,False,False,0.2731872679237099,True,False,Research & Development,Low
31,0,192,2,4,1,426,3,32,3,1,4,2695,7747,0,18,3,2,80,1,3,2,1,2,2,2,2,False,True,True,False,True,False,False,False,False,True,False,False,False,False,False,True,False,False,False,False,True,0.136104409491558,True,False,Research & Development,Low
33,0,553,5,4,1,428,4,74,3,3,2,11878,23364,6,11,3,2,80,2,12,2,3,10,6,8,8,True,False,True,False,True,False,False,False,False,False,False,False,True,False,False,False,False,False,True,False,False,0.0456378126222577,True,False,Research & Development,Low
39,0,117,10,1,1,429,3,99,3,4,1,17068,5355,1,14,3,4,80,0,21,3,3,21,9,11,10,False,True,True,False,False,False,True,False,False,True,False,False,True,False,False,False,False,False,True,False,True,0.2026181124326389,True,False,Research & Development,Low
43,0,185,10,4,1,430,3,33,3,1,4,2455,10675,0,19,3,1,80,0,9,5,3,8,7,1,7,True,False,True,False,True,False,False,False,False,False,False,True,False,False,False,False,False,False,False,True,False,0.0329282958568001,True,False,Research & Development,Low
49,0,1091,1,2,1,431,3,90,2,4,3,13964,17810,7,12,3,4,80,0,25,2,3,7,1,0,7,False,True,True,False,False,False,False,False,True,False,False,False,False,False,False,False,False,False,False,True,True,0.195887561931464,True,False,Research & Development,Low
52,1,723,8,4,1,433,3,85,2,2,2,4941,17747,2,15,3,1,80,0,11,3,2,8,2,7,7,False,True,True,False,False,False,True,False,False,True,False,False,False,False,False,True,False,False,True,False,False,0.1308147495282718,True,False,Research & Development,Low
27,0,1220,5,3,1,434,3,85,3,1,2,2478,20938,1,12,3,2,80,0,4,2,2,4,3,1,2,False,True,True,False,True,False,False,False,False,False,False,False,False,False,False,True,False,False,False,True,True,0.4878137938301188,False,True,Research & Development,Medium
32,0,588,8,2,1,436,3,65,2,2,2,5228,24624,1,11,3,4,80,0,13,2,3,13,12,11,9,False,True,False,True,False,False,False,False,True,False,False,False,False,False,False,False,True,False,True,False,True,0.494817640610657,False,True,Sales,Medium
27,0,1377,2,3,1,437,4,74,3,2,3,4478,5242,1,11,3,1,80,0,5,3,3,5,4,0,4,False,True,False,True,True,False,False,False,False,True,False,False,False,False,False,False,True,False,False,True,True,0.2253390153708152,True,False,Sales,Low
31,0,691,7,3,1,438,4,73,3,2,4,7547,7143,4,12,3,4,80,3,13,3,3,7,7,1,7,False,True,False,True,False,True,False,False,False,True,False,False,False,False,False,False,True,False,False,False,False,0.0026518453436562,True,False,Sales,Low
32,0,1018,2,4,1,439,1,74,4,2,4,5055,10557,7,16,3,3,80,0,10,0,2,7,7,0,7,False,True,True,False,False,False,True,False,False,False,False,False,False,False,False,True,False,False,False,True,False,0.0383980065838329,True,False,Research & Development,Low
28,1,1157,2,4,1,440,1,84,1,1,4,3464,24737,5,13,3,4,80,0,5,4,2,3,2,2,2,False,True,True,False,False,False,True,False,False,True,False,False,False,False,False,True,False,False,True,False,True,0.6813176461035149,False,True,Research & Development,Medium
30,0,1275,28,2,1,441,4,64,3,2,4,5775,11934,1,13,3,4,80,2,11,2,3,10,8,1,9,False,True,True,False,False,False,True,False,False,False,False,False,False,False,False,True,False,False,True,False,False,0.0018692811209491,True,False,Research & Development,Low
31,0,798,7,2,1,442,3,48,2,3,3,8943,14034,1,24,4,1,80,1,10,2,3,10,9,8,9,True,False,True,False,True,False,False,False,False,False,False,False,False,True,False,False,False,False,True,False,False,0.0193945117706385,True,False,Research & Development,Low
39,0,672,7,2,1,444,3,54,2,5,4,19272,21141,1,15,3,1,80,1,21,2,3,21,9,13,3,True,False,True,False,False,False,True,False,False,True,False,False,True,False,False,False,False,False,True,False,False,0.1414091712640297,True,False,Research & Development,Low
39,1,1162,3,2,1,445,4,41,3,2,3,5238,17778,4,18,3,1,80,0,12,3,2,1,0,0,0,False,True,False,True,False,False,True,False,False,False,False,False,False,False,False,False,True,False,True,False,True,0.1859586769336296,True,False,Sales,Low
33,0,508,10,3,1,446,2,46,2,2,4,4682,4317,3,14,3,3,80,0,9,6,2,7,7,0,1,True,False,False,True,False,True,False,False,False,True,False,False,False,False,False,False,True,False,False,True,False,0.21668895205597,True,False,Sales,Low
47,0,1482,5,5,1,447,4,42,3,5,3,18300,16375,4,11,3,2,80,1,21,2,3,3,2,1,1,False,True,True,False,True,False,False,False,False,True,False,False,False,False,True,False,False,False,True,False,False,0.0011395971421125,True,False,Research & Development,Low
43,0,559,10,4,1,448,3,82,2,2,3,5257,6227,1,11,3,2,80,1,9,3,4,9,7,0,0,True,False,True,False,True,False,False,False,False,False,False,True,False,False,False,False,False,False,False,False,False,0.0406399638496548,True,False,Research & Development,Low
27,0,210,1,1,1,449,3,73,3,2,2,6349,22107,0,13,3,4,80,1,6,0,3,5,4,1,4,False,False,False,True,False,True,False,False,False,True,False,False,False,False,False,False,True,False,True,False,True,0.1224223781865491,True,False,Sales,Low
54,0,928,20,4,1,450,4,31,3,2,3,4869,16885,3,12,3,4,80,0,20,4,2,4,3,0,3,True,False,True,False,True,False,False,False,False,False,False,False,False,False,False,True,False,False,False,True,False,0.0237609167890376,True,False,Research & Development,Low
43,0,1001,7,3,1,451,3,43,3,3,1,9985,9262,8,16,3,1,80,1,10,1,2,1,0,0,0,False,True,True,False,True,False,False,False,False,False,False,False,False,False,False,False,False,False,True,False,False,0.062243942300616,True,False,Research & Development,Low
45,0,549,8,4,1,452,4,75,3,2,4,3697,9278,9,14,3,1,80,2,12,3,3,10,9,9,8,False,True,True,False,False,False,False,True,False,True,False,False,False,False,False,True,False,False,True,False,False,0.0244158503239997,True,False,Research & Development,Low
40,0,1124,1,2,1,453,2,57,1,2,4,7457,13273,2,22,4,3,80,3,6,2,2,4,3,0,2,False,True,False,True,False,False,True,False,False,True,False,False,False,False,False,False,True,False,True,False,True,0.2392973338342254,True,False,Sales,Low
29,1,318,8,4,1,454,2,77,1,1,1,2119,4759,1,11,3,4,80,0,7,4,2,7,7,0,7,False,True,True,False,False,False,False,True,False,True,False,True,False,False,False,False,False,False,True,False,True,0.6147713270941864,False,True,Research & Development,Medium
29,0,738,9,5,1,455,2,30,2,1,4,3983,7621,0,17,3,3,80,0,4,2,3,3,2,2,2,False,True,True,False,False,False,False,True,False,True,False,True,False,False,False,False,False,False,False,True,False,0.2792956905443033,True,False,Research & Development,Low
30,0,570,5,3,1,456,4,30,2,2,3,6118,5431,1,13,3,3,80,3,10,2,3,10,9,1,2,False,True,False,True,False,True,False,False,False,False,False,False,False,False,False,False,True,False,False,False,False,0.0055983494522052,True,False,Sales,Low
27,0,1130,8,4,1,458,2,56,3,2,2,6214,3415,1,18,3,1,80,1,8,3,3,8,7,0,7,False,True,False,True,False,True,False,False,False,False,False,False,False,False,False,False,True,False,True,False,False,0.0176362757242833,True,False,Sales,Low
37,0,1192,5,2,1,460,4,61,3,2,4,6347,23177,7,16,3,3,80,2,8,2,2,6,2,0,4,False,True,True,False,False,False,True,False,False,True,False,False,False,True,False,False,False,False,False,False,False,0.0098252083552809,True,False,Research & Development,Low
38,0,343,15,2,1,461,3,92,2,3,4,11510,15682,0,14,3,2,80,1,12,3,3,11,10,2,9,False,True,True,False,True,False,False,False,False,True,False,False,False,False,True,False,False,False,False,False,True,0.0032448796498683,True,False,Research & Development,Low
31,0,1232,7,4,1,462,3,39,3,3,4,7143,25713,1,14,3,3,80,0,11,2,2,11,9,4,10,False,True,True,False,False,False,True,False,False,False,False,False,False,True,False,False,False,False,False,True,True,0.0630612518383336,True,False,Research & Development,Low
29,0,144,10,1,1,463,4,39,2,2,2,8268,11866,1,14,3,1,80,2,7,2,3,7,7,1,7,False,True,False,True,False,True,False,False,False,False,False,False,False,False,False,False,True,False,False,False,True,0.1029949499989371,True,False,Sales,Low
35,0,1296,5,4,1,464,3,62,3,3,2,8095,18264,0,13,3,4,80,0,17,5,3,16,6,0,13,False,True,True,False,False,False,False,False,True,True,False,False,False,True,False,False,False,False,False,True,False,0.013155977609801,True,False,Research & Development,Low
23,0,1309,26,1,1,465,3,83,3,1,4,2904,16092,1,12,3,3,80,2,4,2,2,4,2,0,2,False,True,True,False,True,False,False,False,False,True,False,False,False,False,False,True,False,False,False,False,False,0.0246636616415732,True,False,Research & Development,Low
41,0,483,6,3,1,466,4,95,2,2,2,6032,10110,6,15,3,4,80,0,8,3,3,5,4,1,2,False,True,True,False,False,False,True,False,False,True,False,False,False,True,False,False,False,False,False,True,True,0.4302461570041566,False,True,Research & Development,Medium
47,0,1309,4,1,1,467,2,99,3,2,3,2976,25751,3,19,3,1,80,0,5,3,3,0,0,0,0,True,False,False,True,False,False,True,False,False,True,False,False,False,False,False,False,False,True,False,True,False,0.5112462410565889,False,True,Sales,Medium
42,0,810,23,5,1,468,1,44,3,4,4,15992,15901,2,14,3,2,80,0,16,2,3,1,0,0,0,False,True,True,False,True,False,False,False,False,False,False,False,False,False,True,False,False,False,False,True,False,0.0133007337695,True,False,Research & Development,Low
29,0,746,2,3,1,469,4,61,3,2,3,4649,16928,1,14,3,1,80,1,4,3,2,4,3,0,2,False,False,False,True,True,False,False,False,False,True,False,False,False,False,False,False,True,False,True,False,False,0.0108204046922115,True,False,Sales,Low
42,0,544,2,1,1,470,3,52,3,1,3,2696,24017,0,11,3,3,80,1,4,5,3,3,2,1,0,False,True,False,False,False,False,False,False,True,True,True,False,False,False,False,False,False,False,False,False,True,0.2694879139560248,True,False,Other,Low
32,0,1062,2,3,1,471,3,75,3,1,2,2370,3956,1,13,3,3,80,1,8,4,3,8,0,0,7,False,True,True,False,False,False,True,False,False,False,False,True,False,False,False,False,False,False,True,False,False,0.0256953919134523,True,False,Research & Development,Low
48,0,530,29,1,1,473,1,91,3,3,3,12504,23978,3,21,4,2,80,1,15,3,1,0,0,0,0,False,True,False,True,False,False,True,False,False,False,False,False,True,False,False,False,False,False,True,False,False,0.0681738858266044,True,False,Sales,Low
37,0,1319,6,3,1,474,3,51,4,2,1,5974,17001,4,13,3,1,80,2,13,2,3,7,7,6,7,False,True,True,False,False,False,True,False,False,True,False,False,False,False,False,True,False,False,False,False,True,0.1064536214206154,True,False,Research & Development,Low
30,0,641,25,2,1,475,4,85,3,2,3,4736,6069,7,12,3,2,80,1,4,2,4,2,2,2,2,False,False,False,True,False,False,False,False,True,False,False,False,False,False,False,False,True,False,True,False,True,0.4540119719951035,False,True,Sales,Medium
26,0,933,1,3,1,476,3,57,3,2,3,5296,20156,1,17,3,2,80,1,8,3,3,8,7,7,7,False,True,False,True,True,False,False,False,False,True,False,False,False,False,False,False,True,False,True,False,False,0.0231234441447584,True,False,Sales,Low
42,0,1332,2,4,1,477,1,98,2,2,4,6781,17078,3,23,4,2,80,0,14,6,3,1,0,0,0,False,True,True,False,False,False,False,True,False,True,False,False,False,False,False,False,False,False,False,True,False,0.022170974295802,True,False,Research & Development,Low
21,1,756,1,1,1,478,1,99,2,1,2,2174,9150,1,11,3,3,80,0,3,3,3,3,2,1,2,True,False,False,True,False,False,False,False,True,False,False,False,False,False,False,False,False,True,False,True,True,0.9814517637799232,False,False,Sales,High
36,0,845,1,5,1,479,4,45,3,2,4,6653,15276,4,15,3,2,80,0,7,6,3,1,0,0,0,False,False,False,True,False,False,True,False,False,False,False,False,False,False,False,False,True,False,False,True,False,0.0121774077473115,True,False,Sales,Low
36,0,541,3,4,1,481,1,48,2,3,4,9699,7246,4,11,3,1,80,1,16,2,3,13,9,1,12,True,False,False,True,False,False,True,False,False,True,False,False,False,False,False,False,True,False,True,False,False,0.0465082351114444,True,False,Sales,Low
57,0,593,1,4,1,482,4,88,3,2,3,6755,2967,2,11,3,3,80,0,15,2,3,3,2,1,2,False,True,True,False,False,False,True,False,False,True,False,False,False,False,False,False,False,False,True,False,False,0.0020054238915957,True,False,Research & Development,Low
40,0,1171,10,4,1,483,4,46,4,1,3,2213,22495,3,13,3,3,80,1,10,3,3,7,7,1,7,False,True,True,False,True,False,False,False,False,False,False,True,False,False,False,False,False,False,True,False,True,0.0398032343866323,True,False,Research & Development,Low
21,0,895,9,2,1,484,1,39,3,1,4,2610,2851,1,24,4,3,80,0,3,3,2,3,2,2,2,False,False,False,True,False,False,True,False,False,True,False,False,False,False,False,False,False,True,False,True,False,0.2026364885964393,True,False,Sales,Low
33,1,350,5,3,1,485,4,34,3,1,3,2851,9150,1,13,3,2,80,0,1,2,3,1,0,0,0,False,True,False,True,False,True,False,False,False,False,False,False,False,False,False,False,False,True,False,True,True,0.7328758612037832,False,False,Sales,High
37,0,921,10,3,1,486,3,98,3,1,1,3452,17663,6,20,4,2,80,1,17,3,3,5,4,0,3,False,True,True,False,False,False,True,False,False,False,False,True,False,False,False,False,False,False,True,False,False,0.0681300013597158,True,False,Research & Development,Low
46,0,1144,7,4,1,487,3,30,3,2,3,5258,16044,2,14,3,3,80,0,7,2,4,1,0,0,0,False,False,True,False,False,False,True,False,False,False,False,False,False,True,False,False,False,False,True,False,False,0.0025379919199126,True,False,Research & Development,Low
41,1,143,4,3,1,488,1,56,3,2,2,9355,9558,1,18,3,3,80,0,8,5,3,8,7,7,7,True,False,False,True,False,True,False,False,False,True,False,False,False,False,False,False,True,False,False,True,False,0.3004911913306877,False,True,Sales,Medium
50,0,1046,10,3,1,491,4,100,2,3,4,10496,2755,6,15,3,4,80,0,20,2,3,4,3,1,3,False,True,True,False,False,False,False,False,True,True,False,False,False,False,False,False,False,False,False,True,False,0.0254743056902026,True,False,Research & Development,Low
40,1,575,22,2,1,492,3,68,2,2,3,6380,6110,2,12,3,1,80,2,8,6,3,6,4,1,0,False,True,False,True,False,True,False,False,False,True,False,False,False,False,False,False,True,False,True,False,True,0.4078985801489759,False,True,Sales,Medium
31,0,408,9,4,1,493,3,42,2,1,2,2657,7551,0,16,3,4,80,0,3,5,3,2,2,2,2,False,True,True,False,True,False,False,False,False,True,False,False,False,False,False,True,False,False,False,True,True,0.4305153049254199,False,True,Research & Development,Medium
21,1,156,12,3,1,494,3,90,4,1,2,2716,25422,1,15,3,4,80,0,1,0,3,1,0,0,0,False,True,False,True,True,False,False,False,False,False,False,False,False,False,False,False,False,True,False,True,False,0.4537003893886897,False,True,Sales,Medium
29,0,1283,23,3,1,495,4,54,3,1,4,2201,18168,9,16,3,4,80,0,6,4,3,3,2,1,2,False,True,True,False,True,False,False,False,False,True,False,False,False,False,False,True,False,False,False,True,False,0.1361974110718301,True,False,Research & Development,Low
35,0,755,9,4,1,496,3,97,2,2,2,6540,19394,9,19,3,3,80,0,10,5,3,1,1,0,0,False,True,True,False,True,False,False,False,False,True,False,False,False,False,False,False,False,False,False,True,False,0.146203708601369,True,False,Research & Development,Low
27,0,1469,1,2,1,497,4,82,3,1,2,3816,17881,1,11,3,2,80,1,5,2,3,5,2,0,4,False,True,True,False,False,False,True,False,False,True,False,True,False,False,False,False,False,False,False,False,False,0.0315003677678445,True,False,Research & Development,Low
28,0,304,9,4,1,498,2,92,3,2,4,5253,20750,1,16,3,4,80,0,7,1,3,7,5,0,7,False,True,False,True,True,False,False,False,False,True,False,False,False,False,False,False,True,False,False,True,False,0.0552850288581049,True,False,Sales,Low
49,0,1261,7,3,1,499,2,31,2,3,3,10965,12066,8,24,4,3,80,0,26,2,3,5,2,0,0,False,True,True,False,False,False,False,True,False,True,False,False,False,False,False,False,False,False,False,True,False,0.0446111786091734,True,False,Research & Development,Low
51,0,1178,14,2,1,500,3,87,3,2,4,4936,14862,4,11,3,3,80,1,18,2,2,7,7,0,7,False,True,False,True,True,False,False,False,False,False,False,False,False,False,False,False,True,False,True,False,False,0.0035095997524237,True,False,Sales,Low
36,0,329,2,3,1,501,4,96,3,1,3,2543,11868,4,13,3,2,80,1,6,3,3,2,2,2,2,False,True,True,False,True,False,False,False,False,False,False,False,False,False,False,True,False,False,True,False,False,0.0137686020801953,True,False,Research & Development,Low
34,1,1362,19,3,1,502,1,67,4,2,4,5304,4652,8,13,3,2,80,0,9,3,2,5,2,0,4,False,False,False,True,False,True,False,False,False,True,False,False,False,False,False,False,True,False,False,True,True,0.6455457143705634,False,True,Sales,Medium
55,0,1311,2,3,1,505,3,97,3,4,4,16659,23258,2,13,3,3,80,0,30,2,3,5,4,1,2,False,True,True,False,True,False,False,False,False,False,False,False,True,False,False,False,False,False,False,True,True,0.0137755079949228,True,False,Research & Development,Low
24,0,1371,10,4,1,507,4,77,3,2,3,4260,5915,1,12,3,4,80,1,5,2,4,5,2,0,3,False,True,False,True,False,True,False,False,False,False,False,False,False,False,False,False,True,False,False,False,True,0.0622333056317092,True,False,Sales,Low
30,0,202,2,1,1,508,3,72,3,1,2,2476,17434,1,18,3,1,80,1,1,3,3,1,0,0,0,False,True,False,True,False,False,False,False,True,True,False,False,False,False,False,False,False,True,True,False,False,0.4157742923044863,False,True,Sales,Medium
26,1,575,3,1,1,510,3,73,3,1,1,3102,6582,0,22,4,3,80,0,7,2,3,6,4,0,4,True,False,True,False,False,False,False,False,True,True,False,False,False,False,False,True,False,False,False,True,False,0.2353531655209698,True,False,Research & Development,Low
22,0,253,11,3,1,511,1,43,3,1,2,2244,24440,1,13,3,4,80,1,2,1,3,2,1,1,2,False,True,True,False,False,False,True,False,False,False,False,False,False,False,False,True,False,False,True,False,False,0.0972265544485395,True,False,Research & Development,Low
36,0,164,2,2,1,513,2,61,2,3,3,7596,3809,1,13,3,2,80,2,10,2,3,10,9,9,0,False,True,False,True,False,False,True,False,False,True,False,False,False,False,False,False,True,False,True,False,False,0.1048691855003258,True,False,Sales,Low
30,1,464,4,3,1,514,3,40,3,1,4,2285,3427,9,23,4,3,80,0,3,4,3,1,0,0,0,True,False,True,False,False,False,False,False,True,True,False,False,False,False,False,True,False,False,False,True,True,0.8972010076002537,False,False,Research & Development,High
37,0,1107,14,3,1,515,4,95,3,1,1,3034,26914,1,12,3,3,80,1,18,2,2,18,7,12,17,False,True,True,False,True,False,False,False,False,False,False,True,False,False,False,False,False,False,False,False,False,0.0581438507862609,True,False,Research & Development,Low
40,0,759,2,2,1,516,4,46,3,2,2,5715,22553,7,12,3,3,80,2,8,5,3,5,4,1,3,False,True,False,True,False,True,False,False,False,False,False,False,False,False,False,False,True,False,False,False,False,0.0139508832575366,True,False,Sales,Low
42,0,201,1,4,1,517,2,95,3,1,1,2576,20490,3,16,3,2,80,1,8,5,3,5,2,1,2,False,True,True,False,True,False,False,False,False,False,False,True,False,False,False,False,False,False,False,False,False,0.0713225310588864,True,False,Research & Development,Low
37,0,1305,10,4,1,518,3,49,3,2,2,4197,21123,2,12,3,4,80,0,18,2,2,1,0,0,1,False,True,True,False,True,False,False,False,False,True,False,False,False,True,False,False,False,False,False,True,True,0.2877956769350217,True,False,Research & Development,Low
43,0,982,12,3,1,520,1,59,2,4,2,14336,4345,1,11,3,3,80,1,25,3,3,25,10,3,9,False,True,True,False,True,False,False,False,False,True,False,False,False,False,True,False,False,False,False,False,False,0.0028036486120584,True,False,Research & Development,Low
40,0,555,2,3,1,521,2,78,2,2,3,3448,13436,6,22,4,2,80,1,20,3,3,1,0,0,0,False,True,True,False,False,False,True,False,False,False,False,True,False,False,False,False,False,False,True,False,False,0.068479640166501,True,False,Research & Development,Low
54,0,821,5,2,1,522,1,86,3,5,1,19406,8509,4,11,3,3,80,1,24,4,2,4,2,1,2,False,True,True,False,False,False,True,False,False,True,False,False,False,False,True,False,False,False,True,False,False,0.0049034669615026,True,False,Research & Development,Low
34,0,1381,4,4,1,523,3,72,3,2,3,6538,12740,9,15,3,1,80,1,6,3,3,3,2,1,2,False,False,False,True,False,True,False,False,False,False,False,False,False,False,False,False,True,False,True,False,False,0.0441117690831191,True,False,Sales,Low
31,0,480,7,2,1,524,2,31,3,2,1,4306,4156,1,12,3,2,80,1,13,5,1,13,10,3,12,False,True,True,False,False,False,True,False,False,False,False,False,False,True,False,False,False,False,True,False,False,0.0061775013045367,True,False,Research & Development,Low
43,0,313,21,3,1,525,4,61,3,1,4,2258,15238,7,20,4,1,80,1,8,1,3,3,2,1,2,True,False,True,False,False,False,True,False,False,True,False,True,False,False,False,False,False,False,True,False,False,0.2833955724795409,True,False,Research & Development,Low
43,0,1473,8,4,1,526,3,74,3,2,3,4522,2227,4,14,3,4,80,0,8,3,3,5,2,0,2,False,True,True,False,False,False,False,True,False,False,False,False,False,False,False,False,False,False,False,False,True,0.0235017035430235,True,False,Research & Development,Low
25,0,891,4,2,1,527,2,99,2,2,4,4487,12090,1,11,3,2,80,0,5,3,3,5,4,1,3,False,True,False,True,True,False,False,False,False,False,False,False,False,False,False,False,True,False,False,True,True,0.4063440708390916,False,True,Sales,Medium
37,0,1063,25,5,1,529,2,72,3,2,3,4449,23866,3,15,3,1,80,2,15,2,3,13,11,10,7,False,False,True,False,False,False,True,False,False,False,False,False,False,False,False,True,False,False,True,False,True,0.1478003696756551,True,False,Research & Development,Low
31,0,329,1,2,1,530,4,98,2,1,1,2218,16193,1,12,3,3,80,1,4,3,3,4,2,3,2,False,True,True,False,True,False,False,False,False,True,False,True,False,False,False,False,False,False,True,False,False,0.1599751613009035,True,False,Research & Development,Low
39,0,1218,1,1,1,531,2,52,3,5,3,19197,8213,1,14,3,3,80,1,21,3,3,21,8,1,6,True,False,True,False,True,False,False,False,False,True,False,False,True,False,False,False,False,False,False,False,True,0.0433528362350368,True,False,Research & Development,Low
56,0,906,6,3,1,532,3,86,4,4,1,13212,18256,9,11,3,4,80,3,36,0,2,7,7,7,7,True,False,False,True,True,False,False,False,False,False,False,False,False,False,False,False,True,False,True,False,False,0.0318340467221661,True,False,Sales,Low
30,0,1082,12,3,1,533,2,83,3,2,3,6577,19558,0,11,3,2,80,0,6,6,3,5,4,4,4,False,True,False,True,False,False,False,False,True,False,False,False,False,False,False,False,True,False,False,True,False,0.1712507844510974,True,False,Sales,Low
41,0,645,1,3,1,534,2,49,4,3,1,8392,19566,1,16,3,3,80,1,10,2,3,10,7,0,7,False,True,False,True,False,True,False,False,False,True,False,False,False,False,False,False,True,False,True,False,False,0.0162627022349471,True,False,Sales,Low
28,0,1300,17,2,1,536,3,79,3,2,1,4558,13535,1,12,3,4,80,1,10,2,3,10,0,1,8,False,True,True,False,False,False,True,False,False,True,False,True,False,False,False,False,False,False,False,False,False,0.099646633406191,True,False,Research & Development,Low
25,1,688,3,3,1,538,1,91,3,1,1,4031,9396,5,13,3,3,80,1,6,5,3,2,2,0,2,False,True,True,False,False,False,True,False,False,True,False,True,False,False,False,False,False,False,True,False,False,0.2455495093612452,True,False,Research & Development,Low
52,0,319,3,3,1,543,4,39,2,3,3,7969,19609,2,14,3,3,80,0,28,4,3,5,4,0,4,False,True,True,False,False,False,True,False,False,True,False,False,False,True,False,False,False,False,True,False,True,0.0121837819119822,True,False,Research & Development,Low
45,0,192,10,2,1,544,1,69,3,1,4,2654,9655,3,21,4,4,80,2,8,3,2,2,2,0,2,False,True,True,False,True,False,False,False,False,True,False,False,False,False,False,True,False,False,True,False,False,0.0166389352093303,True,False,Research & Development,Low
52,0,1490,4,2,1,546,4,30,3,4,4,16555,10310,2,13,3,4,80,0,31,2,1,5,2,1,4,False,True,True,False,True,False,False,False,False,False,False,False,True,False,False,False,False,False,True,False,False,0.0006157309294934,True,False,Research & Development,Low
42,0,532,29,2,1,547,1,92,3,2,3,4556,12932,2,11,3,2,80,1,19,3,3,5,4,0,2,True,False,True,False,True,False,False,False,False,False,False,False,False,False,False,True,False,False,False,False,False,0.0327772640768908,True,False,Research & Development,Low
30,0,317,2,3,1,548,3,43,1,2,4,6091,24793,2,20,4,3,80,0,11,2,3,5,4,0,2,False,True,True,False,True,False,False,False,False,False,False,False,False,True,False,False,False,False,False,True,False,0.028109934944738,True,False,Research & Development,Low
60,0,422,7,3,1,549,1,41,3,5,1,19566,3854,5,11,3,4,80,0,33,5,1,29,8,11,10,False,True,True,False,True,False,False,False,False,False,False,False,True,False,False,False,False,False,True,False,False,0.0837481694538384,True,False,Research & Development,Low
46,0,1485,18,3,1,550,3,87,3,2,3,4810,26314,2,14,3,3,80,1,19,5,2,10,7,0,8,False,True,True,False,False,False,True,False,False,False,False,False,False,True,False,False,False,False,False,False,False,0.0010266312574481,True,False,Research & Development,Low
42,0,1368,28,4,1,551,4,88,2,2,4,4523,4386,0,11,3,4,80,3,7,4,4,6,5,0,4,True,False,True,False,False,False,False,False,True,False,False,False,False,False,False,False,False,False,True,False,False,0.0040769507519281,True,False,Research & Development,Low
24,1,1448,1,1,1,554,1,62,3,1,2,3202,21972,1,16,3,2,80,0,6,4,3,5,3,1,4,False,True,False,True,False,False,False,False,True,False,False,False,False,False,False,False,False,True,False,True,True,0.8859572364755648,False,False,Sales,High
34,1,296,6,2,1,555,4,33,1,1,3,2351,12253,0,16,3,4,80,1,3,3,2,2,2,1,0,True,False,False,True,False,True,False,False,False,False,False,False,False,False,False,False,False,True,False,False,False,0.1810966168280621,True,False,Sales,Low
38,0,1490,2,2,1,556,4,42,3,1,4,1702,12106,1,23,4,3,80,1,1,3,3,1,0,0,0,True,False,True,False,True,False,False,False,False,True,False,True,False,False,False,False,False,False,True,False,True,0.2257404622010758,True,False,Research & Development,Low
40,0,1398,2,4,1,558,3,79,3,5,3,18041,13022,0,14,3,4,80,0,21,2,3,20,15,1,12,False,True,False,True,True,False,False,False,False,False,False,False,True,False,False,False,False,False,True,False,False,0.0003632129563099,True,False,Sales,Low
26,0,1349,23,3,1,560,1,90,3,1,4,2886,3032,1,22,4,2,80,2,3,3,1,3,2,0,2,False,True,True,False,True,False,False,False,False,False,False,False,False,False,False,True,False,False,False,False,False,0.0285266783175573,True,False,Research & Development,Low
30,0,1400,3,3,1,562,3,53,3,1,4,2097,16734,4,15,3,3,80,1,9,3,1,5,3,1,4,False,False,True,False,True,False,False,False,False,True,False,True,False,False,False,False,False,False,True,False,False,0.0226296538755627,True,False,Research & Development,Low
29,0,986,3,4,1,564,2,93,2,3,3,11935,21526,1,18,3,3,80,0,10,2,3,10,2,0,7,False,True,True,False,False,False,True,False,False,True,False,False,False,False,True,False,False,False,True,False,False,0.0058266240150248,True,False,Research & Development,Low
29,1,408,25,5,1,565,3,71,2,1,2,2546,18300,5,16,3,2,80,0,6,2,4,2,2,1,1,False,True,True,False,False,False,False,False,True,False,False,False,False,False,False,True,False,False,True,False,False,0.3649966900201106,False,True,Research & Development,Medium
19,1,489,2,2,1,566,1,52,2,1,4,2564,18437,1,12,3,3,80,0,1,3,4,1,0,0,0,False,True,False,False,False,False,False,False,True,True,True,False,False,False,False,False,False,False,False,True,False,0.5402300345857003,False,True,Other,Medium
30,0,1398,22,4,1,567,3,69,3,3,1,8412,2890,0,11,3,3,80,0,10,3,3,9,8,7,8,False,False,False,True,False,False,False,True,False,False,False,False,False,False,False,False,True,False,True,False,False,0.0149461216660166,True,False,Sales,Low
57,0,210,29,3,1,568,1,56,2,4,4,14118,22102,3,12,3,3,80,1,32,3,2,1,0,0,0,False,True,False,True,False,True,False,False,False,True,False,False,True,False,False,False,False,False,False,False,False,0.0256426487272625,True,False,Sales,Low
50,0,1099,29,4,1,569,2,88,2,4,3,17046,9314,0,15,3,2,80,1,28,2,3,27,10,15,7,False,True,True,False,True,False,False,False,False,True,False,False,True,False,False,False,False,False,True,False,False,0.1342102835968009,True,False,Research & Development,Low
30,0,1116,2,3,1,571,3,49,3,1,4,2564,7181,0,14,3,3,80,0,12,2,2,11,7,6,7,False,False,True,False,False,False,True,False,False,False,False,True,False,False,False,False,False,False,False,True,False,0.0190068344547599,True,False,Research & Development,Low
60,0,1499,28,3,1,573,3,80,2,3,1,10266,2845,4,19,3,4,80,0,22,5,4,18,13,13,11,True,False,False,True,False,True,False,False,False,False,False,False,False,False,False,False,True,False,True,False,False,0.080443509929487,True,False,Sales,Low
47,0,983,2,2,1,574,1,65,3,2,4,5070,7389,5,13,3,3,80,3,20,2,3,5,0,0,4,False,True,True,False,False,False,True,False,False,False,False,False,False,True,False,False,False,False,False,False,False,0.0026812506330085,True,False,Research & Development,Low
46,0,1009,2,3,1,575,1,51,3,4,3,17861,2288,6,13,3,3,80,0,26,2,1,3,2,0,1,False,True,True,False,True,False,False,False,False,True,False,False,False,False,True,False,False,False,True,False,False,0.0058200557403,True,False,Research & Development,Low
35,0,144,22,3,1,577,4,46,1,1,3,4230,19225,0,15,3,3,80,0,6,2,3,5,4,4,3,False,True,True,False,True,False,False,False,False,True,False,True,False,False,False,False,False,False,False,True,False,0.4171142387365152,False,True,Research & Development,Medium
54,0,548,8,4,1,578,3,42,3,2,3,3780,23428,7,11,3,3,80,0,19,3,3,1,0,0,0,False,True,True,False,True,False,False,False,False,False,False,True,False,False,False,False,False,False,False,True,False,0.1188939035430695,True,False,Research & Development,Low
34,0,1303,2,4,1,579,4,62,2,1,3,2768,8416,3,12,3,3,80,1,14,3,3,7,3,5,7,False,True,True,False,True,False,False,False,False,True,False,False,False,False,False,True,False,False,False,False,False,0.0094170163861055,True,False,Research & Development,Low
46,0,1125,10,3,1,580,3,94,2,3,4,9071,11563,2,19,3,3,80,1,15,3,3,3,2,1,2,False,True,False,True,False,True,False,False,False,False,False,False,False,False,False,False,True,False,True,False,True,0.0937595919237146,True,False,Sales,Low
31,0,1274,9,1,1,581,3,33,3,3,2,10648,14394,1,25,4,4,80,1,13,6,4,13,8,0,8,False,True,True,False,True,False,False,False,False,True,False,False,False,True,False,False,False,False,False,False,False,0.0007267827023414,True,False,Research & Development,Low
33,1,1277,15,1,1,582,2,56,3,3,3,13610,24619,7,12,3,4,80,0,15,2,4,7,6,7,7,False,True,True,False,False,False,True,False,False,True,False,False,True,False,False,False,False,False,True,False,True,0.1863904482449395,True,False,Research & Development,Low
33,1,587,10,1,1,584,1,38,1,1,4,3408,6705,7,13,3,1,80,3,8,2,3,4,3,1,3,False,True,True,False,False,False,True,False,False,True,False,True,False,False,False,False,False,False,False,False,False,0.2315211066900334,True,False,Research & Development,Low
30,0,413,7,1,1,585,4,57,3,1,2,2983,18398,0,14,3,1,80,0,4,3,3,3,2,1,2,False,True,False,True,False,True,False,False,False,True,False,False,False,False,False,False,False,True,False,True,False,0.3209190243465324,False,True,Sales,Medium
35,0,1276,16,3,1,586,4,72,3,3,3,7632,14295,4,12,3,3,80,0,10,2,3,8,7,0,0,False,True,True,False,True,False,False,False,False,True,False,False,False,False,False,False,False,False,True,False,True,0.0662112784082848,True,False,Research & Development,Low
31,1,534,20,3,1,587,1,66,3,3,3,9824,22908,3,12,3,1,80,0,12,2,3,1,0,0,0,True,False,True,False,True,False,False,False,False,True,False,False,False,False,False,False,False,False,True,False,False,0.1612329706482708,True,False,Research & Development,Low
34,1,988,23,3,1,590,2,43,3,3,1,9950,11533,9,15,3,3,80,3,11,2,3,3,2,0,2,True,False,False,False,False,False,False,False,False,False,True,False,False,False,False,False,False,False,False,False,True,0.8926525539316404,False,False,Other,High
42,0,1474,5,2,1,591,2,97,3,1,3,2093,9260,4,17,3,4,80,1,8,4,3,2,2,2,0,True,False,True,False,False,False,False,True,False,True,False,True,False,False,False,False,False,False,True,False,False,0.1235133874624151,True,False,Research & Development,Low
36,0,635,10,4,1,592,2,32,3,3,4,9980,15318,1,14,3,4,80,0,10,3,2,10,3,9,7,False,False,False,True,False,False,True,False,False,True,False,False,False,False,False,False,True,False,False,True,False,0.1097405878325468,True,False,Sales,Low
22,1,1368,4,1,1,593,3,99,2,1,3,3894,9129,5,16,3,3,80,0,4,3,3,2,2,1,2,True,False,True,False,False,False,False,False,True,True,False,True,False,False,False,False,False,False,False,True,False,0.759246721292718,False,False,Research & Development,High
48,0,163,2,5,1,595,2,37,3,2,4,4051,19658,2,14,3,1,80,1,14,2,3,9,7,6,7,False,True,False,True,False,True,False,False,False,False,False,False,False,False,False,False,True,False,True,False,False,0.0169197529997149,True,False,Sales,Low
55,0,1117,18,5,1,597,1,83,3,4,2,16835,9873,3,23,4,4,80,0,37,2,3,10,9,7,7,False,True,False,True,True,False,False,False,False,False,False,False,True,False,False,False,False,False,False,True,False,0.0128699026212176,True,False,Sales,Low
41,0,267,10,2,1,599,4,56,3,2,4,6230,13430,7,14,3,4,80,0,16,3,3,14,3,1,10,False,False,False,True,True,False,False,False,False,True,False,False,False,False,False,False,True,False,False,True,False,0.0214335499210896,True,False,Sales,Low
35,0,619,1,3,1,600,2,85,3,2,3,4717,18659,9,11,3,3,80,0,15,2,3,11,9,6,9,False,True,False,True,False,True,False,False,False,True,False,False,False,False,False,False,True,False,True,False,False,0.1001961140389878,True,False,Sales,Low
40,0,302,6,3,1,601,2,75,3,4,3,13237,20364,7,15,3,3,80,0,22,3,3,20,6,5,13,False,True,True,False,True,False,False,False,False,False,False,False,False,True,False,False,False,False,False,True,False,0.0606792035606797,True,False,Research & Development,Low
39,0,443,8,1,1,602,3,48,3,1,3,3755,17872,1,11,3,1,80,1,8,3,3,8,3,0,7,True,False,True,False,True,False,False,False,False,False,False,True,False,False,False,False,False,False,True,False,False,0.0497038240186614,True,False,Research & Development,Low
31,0,828,2,1,1,604,2,77,3,2,4,6582,8346,4,13,3,3,80,0,10,2,4,6,5,0,5,False,True,False,True,True,False,False,False,False,True,False,False,False,False,False,False,True,False,False,True,True,0.2163194050555551,True,False,Sales,Low
42,0,319,24,3,1,605,4,56,3,3,1,7406,6950,1,21,4,4,80,1,10,5,2,10,9,5,8,False,True,True,False,False,False,True,False,False,True,False,False,False,True,False,False,False,False,True,False,True,0.0664424471080273,True,False,Research & Development,Low
45,0,561,2,3,1,606,4,61,3,2,2,4805,16177,0,19,3,2,80,1,9,3,4,8,7,3,7,False,True,False,True,False,False,False,True,False,True,False,False,False,False,False,False,True,False,True,False,False,0.00449259234661,True,False,Sales,Low
26,1,426,17,4,1,608,2,58,3,1,3,2741,22808,0,11,3,2,80,1,8,2,2,7,7,1,0,True,False,False,False,True,False,False,False,False,False,True,False,False,False,False,False,False,False,False,False,True,0.5794773530083577,False,True,Other,Medium
29,0,232,19,3,1,611,4,34,3,2,4,4262,22645,4,12,3,2,80,2,8,2,4,3,2,1,2,False,True,True,False,False,False,False,False,True,True,False,False,False,True,False,False,False,False,False,False,False,0.0253769067940661,True,False,Research & Development,Low
33,0,922,1,5,1,612,1,95,4,4,3,16184,22578,4,19,3,3,80,1,10,2,3,6,1,0,5,False,True,True,False,False,False,True,False,False,False,False,False,False,False,True,False,False,False,False,False,False,0.0019825746624865,True,False,Research & Development,Low
31,0,688,7,3,1,613,3,44,2,3,4,11557,25291,9,21,4,3,80,1,10,3,2,5,4,0,1,False,True,False,True,True,False,False,False,False,True,False,False,True,False,False,False,False,False,False,False,False,0.0426949894713759,True,False,Sales,Low
18,1,1306,5,3,1,614,2,69,3,1,2,1878,8059,1,14,3,4,80,0,0,3,3,0,0,0,0,True,False,False,True,False,True,False,False,False,True,False,False,False,False,False,False,False,True,False,True,True,0.953771624047398,False,False,Sales,High
40,0,1094,28,3,1,615,3,58,1,3,1,10932,11373,3,15,3,3,80,1,20,2,3,1,0,0,1,False,False,False,True,False,False,False,True,False,True,False,False,False,False,False,False,True,False,False,False,False,0.0606311322953495,True,False,Sales,Low
41,0,509,2,4,1,616,1,62,2,2,3,6811,2112,2,17,3,1,80,0,10,3,3,8,7,0,7,False,False,True,False,False,False,False,True,False,False,False,False,False,False,False,False,False,False,False,True,True,0.037496978600734,True,False,Research & Development,Low
26,0,775,29,2,1,618,1,45,3,2,3,4306,4267,5,12,3,1,80,2,8,5,3,0,0,0,0,False,True,False,True,False,False,True,False,False,True,False,False,False,False,False,False,True,False,False,False,False,0.1401276791289274,True,False,Sales,Low
35,0,195,1,3,1,620,1,80,3,2,3,4859,6698,1,16,3,4,80,0,5,3,3,5,4,0,3,False,True,False,True,False,False,True,False,False,False,False,False,False,False,False,False,True,False,False,True,False,0.0478649083967188,True,False,Sales,Low
34,0,258,21,4,1,621,4,74,4,2,4,5337,19921,1,12,3,4,80,0,10,3,3,10,7,5,7,False,True,False,True,True,False,False,False,False,True,False,False,False,False,False,False,True,False,False,True,False,0.0314713141497322,True,False,Sales,Low
26,1,471,24,3,1,622,3,66,1,1,4,2340,23213,1,18,3,2,80,0,1,3,1,1,0,0,0,False,True,True,False,False,False,False,False,True,True,False,True,False,False,False,False,False,False,False,True,True,0.9866517676786531,False,False,Research & Development,High
37,0,799,1,3,1,623,2,59,3,3,4,7491,23848,4,17,3,4,80,0,12,3,4,6,5,1,2,False,True,True,False,False,False,False,False,True,False,False,False,False,True,False,False,False,False,False,True,False,0.0260847530267528,True,False,Research & Development,Low
46,0,1034,18,1,1,624,1,86,3,3,3,10527,8984,5,11,3,4,80,0,28,3,2,2,2,1,2,True,False,True,False,False,False,True,False,False,False,False,False,False,False,False,False,False,False,True,False,False,0.0161965655422313,True,False,Research & Development,Low
41,0,1276,2,5,1,625,2,91,3,4,1,16595,5626,7,16,3,2,80,1,22,2,3,18,16,11,8,False,True,False,True,True,False,False,False,False,False,False,False,True,False,False,False,False,False,True,False,False,0.0287865769759235,True,False,Sales,Low
37,0,142,9,4,1,626,1,69,3,3,2,8834,24666,1,13,3,4,80,1,9,6,3,9,5,7,7,False,False,False,True,False,False,True,False,False,True,False,False,False,False,False,False,True,False,False,False,False,0.0209889097038809,True,False,Sales,Low
52,0,956,6,2,1,630,4,78,3,2,1,5577,22087,3,12,3,2,80,2,18,3,3,10,9,6,9,False,True,True,False,False,False,False,False,True,True,False,False,False,False,False,True,False,False,False,False,True,0.0837561367320461,True,False,Research & Development,Low
32,1,1474,11,4,1,631,4,60,4,2,3,4707,23914,8,12,3,4,80,0,6,2,3,4,2,1,2,False,False,False,True,False,False,False,True,False,True,False,False,False,False,False,False,True,False,True,False,False,0.0289152515881186,True,False,Sales,Low
24,0,535,24,3,1,632,4,38,3,1,4,2400,5530,0,13,3,3,80,2,3,3,3,2,2,2,1,True,False,False,True,False,False,True,False,False,True,False,False,False,False,False,False,False,True,True,False,False,0.1647332066355278,True,False,Sales,Low
38,0,1495,10,3,1,634,3,76,3,2,3,9824,22174,3,19,3,3,80,1,18,4,3,1,0,0,0,False,True,True,False,False,False,True,False,False,False,False,False,False,False,False,False,False,False,True,False,False,0.0032425585051746,True,False,Research & Development,Low
37,0,446,1,4,1,635,2,65,3,2,2,6447,15701,6,12,3,2,80,1,8,2,2,6,5,4,3,False,True,True,False,True,False,False,False,False,False,False,False,False,True,False,False,False,False,True,False,False,0.0693562183006673,True,False,Research & Development,Low
49,0,1245,18,4,1,638,4,58,2,5,3,19502,2125,1,17,3,3,80,1,31,5,3,31,9,0,9,False,True,True,False,True,False,False,False,False,True,False,False,False,False,True,False,False,False,False,False,True,0.0040530987181895,True,False,Research & Development,Low
24,0,691,23,3,1,639,2,89,4,1,4,2725,21630,1,11,3,2,80,2,6,3,3,6,5,1,4,False,True,True,False,False,False,True,False,False,True,False,False,False,False,False,True,False,False,True,False,True,0.1383830941550475,True,False,Research & Development,Low
26,0,703,28,2,1,641,1,66,3,2,2,6272,7428,1,20,4,4,80,2,6,5,4,5,3,1,4,False,True,False,True,False,True,False,False,False,True,False,False,False,False,False,False,True,False,True,False,False,0.0632872688279768,True,False,Sales,Low
24,0,823,17,2,1,643,4,94,2,1,2,2127,9100,1,21,4,4,80,1,1,2,3,1,0,0,0,False,True,True,False,False,False,False,True,False,True,False,True,False,False,False,False,False,False,True,False,False,0.1669506304634799,True,False,Research & Development,Low
50,0,1246,3,3,1,644,1,99,3,5,2,18200,7999,1,11,3,3,80,1,32,2,3,32,5,10,7,True,False,False,False,False,False,True,False,False,True,False,False,True,False,False,False,False,False,True,False,False,0.1764562418321162,True,False,Other,Low
25,0,622,13,1,1,645,2,40,3,1,3,2096,26376,1,11,3,3,80,0,7,1,3,7,4,0,6,False,True,False,True,False,False,True,False,False,True,False,False,False,False,False,False,False,True,True,False,False,0.1470755789613176,True,False,Sales,Low
24,1,1287,7,3,1,647,1,55,3,1,3,2886,14168,1,16,3,4,80,1,6,4,3,6,3,1,2,True,False,True,False,True,False,False,False,False,False,False,True,False,False,False,False,False,False,True,False,True,0.5308195904601247,False,True,Research & Development,Medium
30,1,448,12,4,1,648,2,74,2,1,1,2033,14470,1,18,3,3,80,1,1,2,4,1,0,0,0,True,False,False,True,True,False,False,False,False,True,False,False,False,False,False,False,False,True,True,False,False,0.6570403100915599,False,True,Sales,Medium
34,0,254,1,2,1,649,2,83,2,1,4,3622,22794,1,13,3,4,80,1,6,3,3,6,5,1,3,False,True,True,False,True,False,False,False,False,True,False,False,False,False,False,True,False,False,True,False,True,0.1163696271547242,True,False,Research & Development,Low
31,1,1365,13,4,1,650,2,46,3,2,1,4233,11512,2,17,3,3,80,0,9,2,1,3,1,1,2,False,True,False,True,False,False,True,False,False,True,False,False,False,False,False,False,True,False,False,False,False,0.1736653434969122,True,False,Sales,Low
35,0,538,25,2,1,652,1,54,2,2,4,3681,14004,4,14,3,4,80,0,9,3,3,3,2,0,2,False,True,True,False,False,False,False,True,False,True,False,True,False,False,False,False,False,False,False,True,False,0.4257772694659237,False,True,Research & Development,Medium
31,0,525,6,4,1,653,1,66,4,2,4,5460,6219,4,22,4,4,80,2,13,4,4,7,7,5,7,False,True,False,True,False,False,True,False,False,True,False,False,False,False,False,False,True,False,False,False,False,0.0041197101368529,True,False,Sales,Low
27,0,798,6,4,1,655,1,66,2,1,3,2187,5013,0,12,3,3,80,2,6,5,2,5,3,0,3,False,True,True,False,False,False,True,False,False,False,False,False,False,False,False,True,False,False,False,False,False,0.0135671023244649,True,False,Research & Development,Low
37,0,558,2,3,1,656,4,75,3,2,3,9602,3010,4,11,3,3,80,1,17,3,2,3,0,1,0,False,True,False,True,False,True,False,False,False,True,False,False,False,False,False,False,True,False,True,False,True,0.3034148940464525,False,True,Sales,Medium
20,0,959,1,3,1,657,4,83,2,1,2,2836,11757,1,13,3,4,80,0,1,0,4,1,0,0,0,False,True,True,False,True,False,False,False,False,False,False,False,False,False,False,True,False,False,False,True,False,0.0821140448353418,True,False,Research & Development,Low
42,0,622,2,4,1,659,3,81,3,2,4,4089,5718,1,13,3,2,80,2,10,4,3,10,2,2,2,False,True,True,False,True,False,False,False,False,False,False,False,False,False,False,False,False,False,True,False,False,0.002647405514431,True,False,Research & Development,Low
43,0,782,6,4,1,661,2,50,2,4,4,16627,2671,4,14,3,3,80,1,21,3,2,1,0,0,0,False,True,True,False,False,False,False,True,False,True,False,False,False,False,True,False,False,False,False,False,True,0.0197305710724453,True,False,Research & Development,Low
38,0,362,1,1,1,662,3,43,3,1,1,2619,14561,3,17,3,4,80,0,8,3,2,0,0,0,0,False,True,True,False,True,False,False,False,False,False,False,False,False,False,False,True,False,False,False,True,False,0.073979843505124,True,False,Research & Development,Low
43,0,1001,9,5,1,663,4,72,3,2,3,5679,19627,3,13,3,2,80,1,10,3,3,8,7,4,7,True,False,True,False,False,False,True,False,False,True,False,True,False,False,False,False,False,False,False,False,True,0.2632000980471949,True,False,Research & Development,Low
48,0,1236,1,4,1,664,4,40,2,4,1,15402,17997,7,11,3,1,80,1,21,3,1,3,2,0,2,False,True,True,False,True,False,False,False,False,False,False,False,True,False,False,False,False,False,True,False,False,0.021295725500428,True,False,Research & Development,Low
44,0,1112,1,4,1,665,1,50,2,2,3,5985,26894,4,11,3,2,80,0,10,1,4,2,2,0,2,False,True,False,False,True,False,False,False,False,False,True,False,False,False,False,False,False,False,False,True,False,0.1829085341915647,True,False,Other,Low
34,0,204,14,3,1,666,3,31,3,1,3,2579,2912,1,18,3,4,80,2,8,3,3,8,2,0,6,False,True,False,True,False,False,False,False,True,False,False,False,False,False,False,False,False,True,False,False,True,0.3342666965652052,False,True,Sales,Medium
27,1,1420,2,1,1,667,3,85,3,1,1,3041,16346,0,11,3,2,80,1,5,3,3,4,3,0,2,False,True,False,True,False,True,False,False,False,True,False,False,False,False,False,False,False,True,False,False,False,0.0874015212910078,True,False,Sales,Low
21,0,1343,22,1,1,669,3,49,3,1,3,3447,24444,1,11,3,3,80,0,3,2,3,3,2,1,2,False,True,False,True,False,False,False,False,True,True,False,False,False,False,False,False,False,True,False,True,False,0.695275311696358,False,True,Sales,Medium
44,0,1315,3,4,1,671,4,35,3,5,4,19513,9358,4,12,3,1,80,1,26,2,4,2,2,0,1,False,True,True,False,False,False,False,True,False,True,False,False,True,False,False,False,False,False,True,False,True,0.0103865458414297,True,False,Research & Development,Low
22,0,604,6,1,1,675,1,69,3,1,3,2773,12145,0,20,4,4,80,0,3,3,3,2,2,2,2,False,True,True,False,False,False,True,False,False,True,False,False,False,False,False,True,False,False,True,False,False,0.0354466612425222,True,False,Research & Development,Low
33,0,1216,8,4,1,677,3,39,3,2,3,7104,20431,0,12,3,4,80,0,6,3,3,5,0,1,2,False,True,False,True,False,True,False,False,False,True,False,False,False,False,False,False,True,False,False,False,False,0.0361993685433449,True,False,Sales,Low
32,0,646,9,4,1,679,1,92,3,2,4,6322,18089,1,12,3,4,80,1,6,2,2,6,4,0,5,False,True,True,False,True,False,False,False,False,False,False,False,False,False,False,True,False,False,True,False,True,0.1282377381223504,True,False,Research & Development,Low
30,0,160,3,3,1,680,3,71,3,1,3,2083,22653,1,20,4,3,80,1,1,2,3,1,0,0,0,True,False,True,False,False,False,True,False,False,False,False,False,False,False,False,True,False,False,False,False,False,0.0315045337706614,True,False,Research & Development,Low
53,0,238,1,1,1,682,4,34,3,2,1,8381,7507,7,20,4,4,80,0,18,2,4,14,7,8,10,False,True,False,True,False,False,True,False,False,False,False,False,False,False,False,False,True,False,False,True,False,0.0496673403511616,True,False,Sales,Low
34,0,1397,1,5,1,683,2,42,3,1,4,2691,7660,1,12,3,4,80,1,10,4,2,10,9,8,8,False,True,True,False,True,False,False,False,False,True,False,False,False,False,False,True,False,False,True,False,False,0.0072317439514776,True,False,Research & Development,Low
45,1,306,26,4,1,684,1,100,3,2,1,4286,5630,2,14,3,4,80,2,5,4,3,1,1,0,0,True,False,False,True,True,False,False,False,False,False,False,False,False,False,False,False,True,False,True,False,False,0.2034591250449742,True,False,Sales,Low
26,0,991,6,3,1,686,3,71,3,1,4,2659,17759,1,13,3,3,80,1,3,2,3,3,2,0,2,False,True,True,False,True,False,False,False,False,False,False,True,False,False,False,False,False,False,True,False,True,0.1928887469695435,True,False,Research & Development,Low
37,0,482,3,3,1,689,3,36,3,3,3,9434,9606,1,15,3,3,80,1,10,2,3,10,7,7,8,False,True,True,False,False,False,False,True,False,True,False,False,False,True,False,False,False,False,True,False,False,0.0084073516967374,True,False,Research & Development,Low
29,0,1176,3,2,1,690,2,62,3,2,3,5561,3487,1,14,3,1,80,1,6,5,2,6,0,1,2,False,True,False,True,False,False,True,False,False,False,False,False,False,False,False,False,True,False,True,False,False,0.0462135220184223,True,False,Sales,Low
35,0,1017,6,4,1,691,2,82,1,2,4,6646,19368,1,13,3,2,80,0,17,3,3,17,11,11,8,False,True,True,False,True,False,False,False,False,True,False,False,False,False,False,True,False,False,False,True,False,0.1513515091710836,True,False,Research & Development,Low
33,0,1296,6,3,1,692,3,30,3,2,4,7725,5335,3,23,4,3,80,1,15,2,1,13,11,4,7,True,False,True,False,True,False,False,False,False,True,False,False,False,False,False,False,False,False,False,False,False,0.0040847424521079,True,False,Research & Development,Low
54,0,397,19,4,1,698,3,88,3,3,2,10725,6729,2,15,3,3,80,1,16,1,4,9,7,7,1,False,True,False,False,False,False,True,False,False,True,True,False,False,False,False,False,False,False,True,False,False,0.0934793791433235,True,False,Other,Low
36,0,913,9,2,1,699,2,48,2,2,2,8847,13934,2,11,3,3,80,1,13,2,3,3,2,0,2,False,True,True,False,False,False,True,False,False,True,False,False,False,True,False,False,False,False,False,False,True,0.1549569875146005,True,False,Research & Development,Low
27,0,1115,3,4,1,700,1,54,2,1,4,2045,15174,0,13,3,4,80,0,5,0,3,4,2,1,1,False,True,True,False,False,False,True,False,False,True,False,False,False,False,False,True,False,False,False,True,False,0.1450352836473515,True,False,Research & Development,Low
20,1,1362,10,1,1,701,4,32,3,1,3,1009,26999,1,11,3,4,80,0,1,5,3,1,0,1,1,False,True,True,False,False,False,True,False,False,True,False,False,False,False,False,True,False,False,False,True,True,0.2985417981296683,True,False,Research & Development,Low
33,1,1076,3,3,1,702,1,70,3,1,1,3348,3164,1,11,3,1,80,0,10,3,3,10,8,9,7,True,False,True,False,True,False,False,False,False,True,False,False,False,False,False,True,False,False,False,True,True,0.8362988059185464,False,False,Research & Development,High
35,0,727,3,3,1,704,3,41,2,1,3,1281,16900,1,18,3,3,80,2,1,3,3,1,0,0,0,False,False,True,False,True,False,False,False,False,True,False,True,False,False,False,False,False,False,True,False,False,0.0277154473360091,True,False,Research & Development,Low
23,0,885,4,3,1,705,1,58,4,1,1,2819,8544,2,16,3,1,80,1,5,3,4,3,2,0,2,False,True,True,False,False,False,True,False,False,True,False,False,False,False,False,True,False,False,True,False,False,0.0482151502649903,True,False,Research & Development,Low
25,0,810,8,3,1,707,4,57,4,2,2,4851,15678,0,22,4,3,80,1,4,4,3,3,2,1,2,False,True,False,True,True,False,False,False,False,True,False,False,False,False,False,False,True,False,True,False,False,0.0128139107220887,True,False,Sales,Low
38,0,243,7,4,1,709,4,46,2,2,4,4028,7791,0,20,4,1,80,0,8,2,3,7,7,0,5,False,True,False,True,False,True,False,False,False,False,False,False,False,False,False,False,True,False,False,True,False,0.0163064005047657,True,False,Sales,Low
29,0,806,1,4,1,710,2,76,1,1,4,2720,18959,1,18,3,4,80,1,10,5,3,10,7,2,8,True,False,True,False,True,False,False,False,False,True,False,False,False,False,False,True,False,False,False,False,False,0.0130353733618771,True,False,Research & Development,Low
48,0,817,2,1,1,712,2,56,4,2,2,8120,18597,3,12,3,4,80,0,12,3,3,2,2,2,2,False,True,False,True,False,True,False,False,False,True,False,False,False,False,False,False,True,False,True,False,False,0.0284997922826466,True,False,Sales,Low
27,0,1410,3,1,1,714,4,71,4,2,4,4647,16673,1,20,4,2,80,2,6,3,3,6,5,0,4,True,False,False,True,False,False,True,False,False,False,False,False,False,False,False,False,True,False,False,False,True,0.0196630955867267,True,False,Sales,Low
37,0,1225,10,2,1,715,4,80,4,1,4,4680,15232,3,17,3,1,80,0,4,2,3,1,0,0,0,False,True,True,False,True,False,False,False,False,True,False,False,False,False,False,True,False,False,False,True,False,0.042836316064726,True,False,Research & Development,Low
50,0,1207,28,1,1,716,4,74,4,1,3,3221,3297,1,11,3,3,80,3,20,3,3,20,8,3,8,False,True,True,False,False,False,True,False,False,True,False,True,False,False,False,False,False,False,True,False,True,0.0747894315337972,True,False,Research & Development,Low
34,0,1442,9,3,1,717,4,46,2,3,2,8621,17654,1,14,3,2,80,0,9,3,4,8,7,7,7,False,True,True,False,False,False,True,False,False,False,False,False,False,False,False,False,False,False,False,True,False,0.0118700021891528,True,False,Research & Development,Low
24,1,693,3,2,1,720,1,65,3,2,3,4577,24785,9,14,3,1,80,0,4,3,3,2,2,2,0,False,True,False,True,True,False,False,False,False,False,False,False,False,False,False,False,True,False,False,True,False,0.5720992559162437,False,True,Sales,Medium
39,0,408,2,4,1,721,4,80,2,2,3,4553,20978,1,11,3,1,80,0,20,4,3,20,7,11,10,False,True,True,False,False,False,False,False,True,False,False,False,False,False,False,False,False,False,False,True,False,0.0771006453346409,True,False,Research & Development,Low
32,0,929,10,3,1,722,4,55,3,2,4,5396,21703,1,12,3,4,80,0,10,2,2,10,7,0,8,False,True,False,True,False,True,False,False,False,True,False,False,False,False,False,False,True,False,False,True,False,0.022956540882847,True,False,Sales,Low
50,1,562,8,2,1,723,2,50,3,2,3,6796,23452,3,14,3,1,80,1,18,4,3,4,3,1,3,True,False,False,True,False,False,False,False,True,True,False,False,False,False,False,False,True,False,True,False,True,0.5362530144858666,False,True,Sales,Medium
38,0,827,1,4,1,724,2,33,4,2,4,7625,19383,0,13,3,3,80,0,10,4,2,9,7,1,8,False,True,True,False,True,False,False,False,False,False,False,False,False,False,False,False,False,False,False,True,False,0.0016667191963338,True,False,Research & Development,Low
27,0,608,1,2,1,725,3,68,3,3,1,7412,6009,1,11,3,4,80,0,9,3,3,9,7,0,7,False,True,True,False,True,False,False,False,False,False,False,False,False,True,False,False,False,False,True,False,False,0.0036615424969555,True,False,Research & Development,Low
32,0,1018,3,2,1,727,3,39,3,3,4,11159,19373,3,15,3,4,80,0,10,6,3,7,7,7,7,False,True,True,False,True,False,False,False,False,False,False,False,False,False,True,False,False,False,False,True,False,0.0011303336537719,True,False,Research & Development,Low
47,0,703,14,4,1,728,4,42,3,2,1,4960,11825,2,12,3,4,80,0,20,2,3,7,7,1,7,False,True,False,True,False,True,False,False,False,True,False,False,False,False,False,False,True,False,False,True,False,0.0255796430745139,True,False,Sales,Low
40,0,580,5,4,1,729,4,48,2,3,1,10475,23772,5,21,4,3,80,1,20,2,3,18,13,1,12,True,False,False,True,True,False,False,False,False,True,False,False,False,False,False,False,True,False,True,False,True,0.1985025003599537,True,False,Sales,Low
53,0,970,7,3,1,730,3,59,4,4,3,14814,13514,3,19,3,3,80,0,32,3,3,5,1,1,3,False,True,True,False,True,False,False,False,False,True,False,False,False,False,True,False,False,False,True,False,False,0.0003443668106344,True,False,Research & Development,Low
41,0,427,10,4,1,731,2,73,2,5,4,19141,8861,3,15,3,2,80,3,23,2,2,21,6,12,6,False,True,False,False,False,False,False,False,False,True,False,False,True,False,False,False,False,False,False,False,False,0.1143558965506192,True,False,Other,Low
60,0,1179,16,4,1,732,1,84,3,2,1,5405,11924,8,14,3,4,80,0,10,1,3,2,2,2,2,False,True,False,True,False,True,False,False,False,True,False,False,False,False,False,False,True,False,False,True,False,0.5713706406153202,False,True,Sales,Medium
27,0,294,10,2,1,733,4,32,3,3,1,8793,4809,1,21,4,3,80,2,9,4,2,9,7,1,7,True,False,True,False,True,False,False,False,False,True,False,False,False,True,False,False,False,False,False,False,False,0.0085172249503504,True,False,Research & Development,Low
41,0,314,1,3,1,734,4,59,2,5,3,19189,19562,1,12,3,2,80,1,22,3,3,22,7,2,10,False,True,False,False,False,False,False,False,False,True,False,False,True,False,False,False,False,False,True,False,False,0.0073717717175952,True,False,Other,Low
50,0,316,8,4,1,738,4,54,3,1,2,3875,9983,7,15,3,4,80,1,4,2,3,2,2,2,2,False,True,False,True,False,True,False,False,False,True,False,False,False,False,False,False,False,True,True,False,False,0.243830723040992,True,False,Sales,Low
28,1,654,1,2,1,741,1,67,1,1,2,2216,3872,7,13,3,4,80,0,10,4,3,7,7,3,7,False,True,True,False,True,False,False,False,False,False,False,False,False,False,False,True,False,False,False,True,True,0.5923939409359885,False,True,Research & Development,Medium
36,0,427,8,3,1,742,1,63,4,3,1,11713,20335,9,14,3,1,80,1,10,2,3,8,7,0,5,False,False,True,False,True,False,False,False,False,False,False,False,False,False,True,False,False,False,True,False,False,0.0045044020412565,True,False,Research & Development,Low
38,0,168,1,3,1,743,3,81,3,3,3,7861,15397,4,14,3,4,80,0,10,4,4,1,0,0,0,False,True,True,False,True,False,False,False,False,False,False,False,False,True,False,False,False,False,False,True,True,0.1222054583693978,True,False,Research & Development,Low
44,0,381,24,3,1,744,1,49,1,1,3,3708,2104,2,14,3,3,80,0,9,5,3,5,2,1,4,False,False,True,False,False,False,True,False,False,True,False,True,False,False,False,False,False,False,False,True,False,0.2488146650696789,True,False,Research & Development,Low
47,0,217,3,3,1,746,4,49,3,4,3,13770,10225,9,12,3,4,80,2,28,2,2,22,2,11,13,True,False,False,True,False,False,True,False,False,False,False,False,False,False,False,False,True,False,False,False,True,0.6322469851331072,False,True,Sales,Medium
30,0,501,27,5,1,747,3,99,3,2,4,5304,25275,7,23,4,4,80,1,10,2,2,8,7,7,7,False,True,False,True,False,True,False,False,False,True,False,False,False,False,False,False,True,False,False,False,False,0.1433479082416003,True,False,Sales,Low
29,0,1396,10,3,1,749,3,99,3,1,3,2642,2755,1,11,3,3,80,0,1,6,3,1,0,0,0,False,True,False,True,True,False,False,False,False,True,False,False,False,False,False,False,False,True,False,True,False,0.2060123954440406,True,False,Sales,Low
42,1,933,19,3,1,752,3,57,4,1,3,2759,20366,6,12,3,4,80,0,7,2,3,2,2,2,2,True,False,True,False,False,False,True,False,False,True,False,False,False,False,False,True,False,False,False,False,True,0.3743591012678284,False,True,Research & Development,Medium
43,0,775,15,3,1,754,4,47,2,2,4,6804,23683,3,18,3,3,80,1,7,5,3,2,2,2,2,True,False,False,True,True,False,False,False,False,True,False,False,False,False,False,False,True,False,True,False,False,0.0522937045144519,True,False,Sales,Low
34,0,970,8,2,1,757,2,96,3,2,3,6142,7360,3,11,3,4,80,0,10,2,3,5,1,4,3,False,True,True,False,False,False,True,False,False,False,False,False,False,False,False,False,False,False,False,True,False,0.0399118103226876,True,False,Research & Development,Low
23,0,650,9,1,1,758,2,37,3,1,1,2500,4344,1,14,3,4,80,1,5,2,4,4,3,0,2,False,True,True,False,False,False,True,False,False,True,False,True,False,False,False,False,False,False,True,False,False,0.0872690878596771,True,False,Research & Development,Low
39,0,141,3,3,1,760,3,44,4,2,2,6389,18767,9,15,3,3,80,1,12,3,1,8,3,3,6,False,True,False,False,False,False,False,False,False,False,True,False,False,False,False,False,False,False,True,False,False,0.2412674555363171,True,False,Other,Low
56,0,832,9,3,1,762,3,81,3,4,4,11103,20420,7,11,3,3,80,0,30,1,2,10,7,1,1,False,True,True,False,False,False,True,False,False,True,False,False,False,False,False,False,False,False,True,False,False,0.0056744266383148,True,False,Research & Development,Low
40,0,804,2,1,1,763,4,86,2,1,4,2342,22929,0,20,4,4,80,0,5,2,2,4,2,2,3,False,True,True,False,False,False,True,False,False,False,False,False,False,False,False,True,False,False,False,True,True,0.1451701268996141,True,False,Research & Development,Low
27,0,975,7,3,1,764,4,55,2,2,1,6811,23398,8,19,3,1,80,0,9,2,1,7,6,0,7,False,True,True,False,False,False,True,False,False,False,False,False,False,False,False,False,False,False,False,True,False,0.1245896803470955,True,False,Research & Development,Low
29,0,1090,10,3,1,766,4,83,3,1,2,2297,17967,1,14,3,4,80,2,2,2,3,2,2,2,2,False,True,False,True,False,True,False,False,False,True,False,False,False,False,False,False,False,True,False,False,False,0.0838996817846796,True,False,Sales,Low
53,0,346,6,3,1,769,4,86,3,2,4,2450,10919,2,17,3,4,80,0,19,4,3,2,2,2,2,False,True,True,False,True,False,False,False,False,True,False,True,False,False,False,False,False,False,False,True,False,0.0150430084081842,True,False,Research & Development,Low
35,0,1225,2,4,1,771,4,61,3,2,1,5093,4761,2,11,3,1,80,1,16,2,4,1,0,0,0,False,False,True,False,True,False,False,False,False,False,False,False,False,False,False,False,False,False,False,False,False,0.0008915460420183,True,False,Research & Development,Low
32,0,430,24,4,1,772,1,80,3,2,4,5309,21146,1,15,3,4,80,2,10,2,3,10,8,4,7,True,False,True,False,True,False,False,False,False,True,False,True,False,False,False,False,False,False,True,False,False,0.1442906868837049,True,False,Research & Development,Low
38,0,268,2,5,1,773,4,92,3,1,3,3057,20471,6,13,3,2,80,1,6,0,1,1,0,0,1,False,True,True,False,False,False,True,False,False,True,False,False,False,False,False,True,False,False,True,False,True,0.5612838927439229,False,True,Research & Development,Medium
34,0,167,8,5,1,775,2,32,3,2,1,5121,4187,3,14,3,3,80,1,7,3,3,0,0,0,0,False,True,True,False,True,False,False,False,False,False,False,False,False,True,False,False,False,False,False,False,False,0.0246018617253589,True,False,Research & Development,Low
52,0,621,3,4,1,776,3,31,2,4,1,16856,10084,1,11,3,1,80,0,34,3,4,34,6,1,16,False,True,False,True,False,True,False,False,False,True,False,False,True,False,False,False,False,False,True,False,False,0.0185276106294227,True,False,Sales,Low
33,1,527,1,4,1,780,4,63,3,1,4,2686,5207,1,13,3,3,80,0,10,2,2,10,9,7,8,False,True,True,False,False,False,False,True,False,True,False,False,False,False,False,True,False,False,False,True,True,0.1405090089870494,True,False,Research & Development,Low
25,0,883,26,1,1,781,3,32,3,2,4,6180,22807,1,23,4,2,80,0,6,5,2,6,5,1,4,False,True,False,True,False,False,True,False,False,False,False,False,False,False,False,False,True,False,False,True,False,0.053430523370418,True,False,Sales,Low
45,0,954,2,2,1,783,2,46,1,2,3,6632,12388,0,13,3,1,80,0,9,3,3,8,7,3,1,False,True,False,True,False,False,False,False,True,True,False,False,False,False,False,False,False,True,False,True,False,0.59712056938747,False,True,Sales,Medium
23,0,310,10,1,1,784,1,79,4,1,3,3505,19630,1,18,3,4,80,0,2,3,3,2,2,0,2,False,True,True,False,False,False,True,False,False,True,False,False,False,False,False,True,False,False,False,True,False,0.0806029616344977,True,False,Research & Development,Low
47,1,719,27,2,1,785,2,77,4,2,3,6397,10339,4,12,3,4,80,0,8,2,3,5,4,1,3,True,False,False,True,True,False,False,False,False,False,False,False,False,False,False,False,True,False,False,True,True,0.6386167539992434,False,True,Sales,Medium
34,0,304,2,3,1,786,4,60,3,2,4,6274,18686,1,22,4,3,80,0,6,5,3,6,5,1,4,False,True,False,True,False,False,False,True,False,True,False,False,False,False,False,False,True,False,False,True,False,0.0142324980514228,True,False,Sales,Low
55,1,725,2,3,1,787,4,78,3,5,1,19859,21199,5,13,3,4,80,1,24,2,3,5,2,1,4,False,True,True,False,False,False,True,False,False,True,False,False,True,False,False,False,False,False,True,False,True,0.0422437900591434,True,False,Research & Development,Low
36,0,1434,8,4,1,789,1,76,2,3,1,7587,14229,1,15,3,2,80,0,10,1,3,10,7,0,9,False,False,False,True,True,False,False,False,False,True,False,False,False,False,False,False,True,False,False,True,False,0.068145962343999,True,False,Sales,Low
52,0,715,19,4,1,791,4,41,3,1,4,4258,26589,0,18,3,1,80,1,5,3,3,4,3,1,2,False,False,True,False,False,False,True,False,False,True,False,False,False,False,False,True,False,False,True,False,False,0.0039143052436869,True,False,Research & Development,Low
26,0,575,1,2,1,792,1,71,1,1,4,4364,5288,3,14,3,1,80,1,5,2,3,2,2,2,0,True,False,True,False,True,False,False,False,False,False,False,True,False,False,False,False,False,False,False,False,False,0.3445762790043186,False,True,Research & Development,Medium
29,0,657,27,3,1,793,2,66,3,2,3,4335,25549,4,12,3,1,80,1,11,3,2,8,7,1,1,False,True,True,False,False,False,True,False,False,False,False,False,False,False,False,False,False,False,True,False,False,0.0371924825704413,True,False,Research & Development,Low
26,1,1146,8,3,1,796,4,38,2,2,1,5326,3064,6,17,3,3,80,0,6,2,2,4,3,1,2,False,True,False,True,False,False,False,False,True,True,False,False,False,False,False,False,True,False,False,True,False,0.6776655255464158,False,True,Sales,Medium
34,0,182,1,4,1,797,2,72,4,1,4,3280,13551,2,16,3,3,80,0,10,2,3,4,2,1,3,False,True,True,False,True,False,False,False,False,False,False,False,False,False,False,True,False,False,False,True,False,0.019808260465786,True,False,Research & Development,Low
54,0,376,19,4,1,799,4,95,3,2,1,5485,22670,9,11,3,2,80,2,9,4,3,5,3,1,4,False,True,True,False,False,False,True,False,False,False,False,False,False,True,False,False,False,False,False,False,True,0.1860927325150579,True,False,Research & Development,Low
27,0,829,8,1,1,800,3,84,3,2,4,4342,24008,0,19,3,2,80,1,5,3,3,4,2,1,1,True,False,False,True,False,True,False,False,False,True,False,False,False,False,False,False,True,False,True,False,False,0.069429102964313,True,False,Sales,Low
37,0,571,10,1,1,802,4,82,3,1,1,2782,19905,0,13,3,2,80,2,6,3,2,5,3,4,3,False,True,True,False,True,False,False,False,False,False,False,False,False,False,False,True,False,False,False,False,True,0.1322188250882641,True,False,Research & Development,Low
38,0,240,2,4,1,803,1,75,4,2,1,5980,26085,6,12,3,4,80,0,17,2,3,15,7,4,12,True,False,True,False,True,False,False,False,False,False,False,False,False,True,False,False,False,False,False,True,True,0.564282459632514,False,True,Research & Development,Medium
34,0,121,2,4,1,804,3,86,2,1,1,4381,7530,1,11,3,3,80,0,6,3,3,6,5,1,3,False,True,True,False,False,False,True,False,False,False,False,False,False,False,False,True,False,False,False,True,False,0.0817893305445697,True,False,Research & Development,Low
35,0,384,8,4,1,805,1,72,3,1,4,2572,20317,1,16,3,2,80,1,3,1,2,3,2,0,2,False,True,False,True,True,False,False,False,False,False,False,False,False,False,False,False,False,True,True,False,False,0.174164690046036,True,False,Sales,Low
30,0,921,1,3,1,806,4,38,1,1,3,3833,24375,3,21,4,3,80,2,7,2,3,2,2,0,2,False,True,True,False,True,False,False,False,False,True,False,True,False,False,False,False,False,False,True,False,False,0.0622820579972724,True,False,Research & Development,Low
40,0,791,2,2,1,807,3,38,4,2,2,4244,9931,1,24,4,4,80,1,8,2,3,8,7,3,7,True,False,True,False,False,False,True,False,False,False,False,False,False,False,False,False,False,False,True,False,False,0.001594549938542,True,False,Research & Development,Low
34,0,1111,8,2,1,808,3,93,3,2,1,6500,13305,5,17,3,2,80,1,6,1,3,3,2,1,2,False,True,False,True,True,False,False,False,False,False,False,False,False,False,False,False,True,False,True,False,False,0.1032382823182208,True,False,Sales,Low
42,0,570,8,3,1,809,2,66,3,5,4,18430,16225,1,13,3,2,80,1,24,4,2,24,7,14,9,True,False,True,False,True,False,False,False,False,True,False,False,True,False,False,False,False,False,False,False,False,0.0675434205021341,True,False,Research & Development,Low
23,1,1243,6,3,1,811,3,63,4,1,1,1601,3445,1,21,4,3,80,2,1,2,3,0,0,0,0,False,True,True,False,True,False,False,False,False,True,False,True,False,False,False,False,False,False,True,False,True,0.3758787160470291,False,True,Research & Development,Medium
24,0,1092,9,3,1,812,3,60,2,1,2,2694,26551,1,11,3,3,80,3,1,4,3,1,0,0,0,False,False,True,False,True,False,False,False,False,True,False,True,False,False,False,False,False,False,False,False,False,0.0399409528876685,True,False,Research & Development,Low
52,0,1325,11,4,1,813,4,82,3,2,3,3149,21821,8,20,4,2,80,1,9,3,3,5,2,1,4,False,True,True,False,True,False,False,False,False,False,False,True,False,False,False,False,False,False,True,False,False,0.0433494139858877,True,False,Research & Development,Low
50,0,691,2,3,1,815,3,64,3,4,3,17639,6881,5,16,3,4,80,0,30,3,3,4,3,0,3,False,True,True,False,False,False,True,False,False,True,False,False,False,False,True,False,False,False,True,False,False,0.0004524012886959,True,False,Research & Development,Low
29,1,805,1,2,1,816,2,36,2,1,1,2319,6689,1,11,3,4,80,1,1,1,3,1,0,0,0,False,True,True,False,True,False,False,False,False,False,False,True,False,False,False,False,False,False,True,False,True,0.6490241233552198,False,True,Research & Development,Medium
33,0,213,7,3,1,817,3,49,3,3,3,11691,25995,0,11,3,4,80,0,14,3,4,13,9,3,7,False,True,True,False,False,False,True,False,False,True,False,False,False,False,True,False,False,False,True,False,False,0.0006781378372641,True,False,Research & Development,Low
33,1,118,16,3,1,819,1,69,3,2,1,5324,26507,5,15,3,3,80,0,6,3,3,3,2,0,2,False,True,False,True,False,True,False,False,False,False,False,False,False,False,False,False,True,False,False,True,False,0.5508670121094447,False,True,Sales,Medium
47,0,202,2,2,1,820,3,33,3,4,4,16752,12982,1,11,3,3,80,1,26,3,2,26,14,3,0,False,True,True,False,False,False,False,True,False,False,False,False,True,False,False,False,False,False,True,False,True,0.0228432986017604,True,False,Research & Development,Low
36,0,676,1,3,1,823,3,35,3,2,2,5228,23361,0,15,3,1,80,1,10,2,3,9,7,0,5,False,True,True,False,False,False,False,True,False,False,False,False,False,True,False,False,False,False,True,False,False,0.003897456542222,True,False,Research & Development,Low
29,0,1252,23,2,1,824,3,81,4,1,3,2700,23779,1,24,4,3,80,1,10,3,3,10,7,0,7,False,True,True,False,True,False,False,False,False,True,False,False,False,False,False,True,False,False,True,False,False,0.0049747559795643,True,False,Research & Development,Low
58,1,286,2,4,1,825,4,31,3,5,2,19246,25761,7,12,3,4,80,0,40,2,3,31,15,13,8,False,True,True,False,True,False,False,False,False,True,False,False,False,False,True,False,False,False,False,True,True,0.1003258802075959,True,False,Research & Development,Low
35,0,1258,1,4,1,826,4,40,4,1,3,2506,13301,3,13,3,3,80,0,7,0,3,2,2,2,2,False,True,True,False,True,False,False,False,False,False,False,False,False,False,False,True,False,False,False,True,False,0.0203010702917385,True,False,Research & Development,Low
42,0,932,1,2,1,827,4,43,2,2,4,6062,4051,9,13,3,4,80,1,8,4,3,4,3,0,2,False,True,True,False,True,False,False,False,False,False,False,False,False,True,False,False,False,False,True,False,True,0.04995473079544,True,False,Research & Development,Low
28,1,890,2,4,1,828,3,46,3,1,3,4382,16374,6,17,3,4,80,0,5,3,2,2,2,2,1,False,True,True,False,False,False,True,False,False,True,False,False,False,False,False,True,False,False,False,True,False,0.1762345078397653,True,False,Research & Development,Low
36,0,1041,13,3,1,829,3,36,3,1,2,2143,25527,4,13,3,2,80,1,8,2,3,5,2,0,4,False,True,False,False,False,False,False,False,False,True,True,False,False,False,False,False,False,False,True,False,False,0.1819335157371727,True,False,Other,Low
32,0,859,4,3,1,830,3,98,2,2,3,6162,19124,1,12,3,3,80,1,14,3,3,14,13,6,8,False,True,True,False,True,False,False,False,False,False,False,False,False,True,False,False,False,False,True,False,False,0.0033825837321896,True,False,Research & Development,Low
40,0,720,16,4,1,832,1,51,2,2,3,5094,11983,6,14,3,4,80,0,10,6,3,1,0,0,0,True,False,True,False,False,False,True,False,False,True,False,True,False,False,False,False,False,False,False,True,False,0.6810547659998532,False,True,Research & Development,Medium
30,0,946,2,3,1,833,3,52,2,2,4,6877,20234,5,24,4,2,80,0,12,4,2,0,0,0,0,False,True,True,False,False,False,True,False,False,False,False,False,False,True,False,False,False,False,False,True,True,0.2845574279244745,True,False,Research & Development,Low
45,0,252,2,3,1,834,2,95,2,1,3,2274,6153,1,14,3,4,80,0,1,3,3,1,0,0,0,False,True,True,False,True,False,False,False,False,False,False,False,False,False,False,True,False,False,False,True,False,0.0629016124938424,True,False,Research & Development,Low
42,0,933,29,3,1,836,2,98,3,2,2,4434,11806,1,13,3,4,80,1,10,3,2,9,8,7,8,False,True,True,False,True,False,False,False,False,True,False,False,False,True,False,False,False,False,True,False,False,0.0313126810487554,True,False,Research & Development,Low
38,0,471,12,3,1,837,1,45,2,2,1,6288,4284,2,15,3,3,80,1,13,3,2,4,3,1,2,True,False,True,False,True,False,False,False,False,True,False,False,False,False,False,False,False,False,False,False,False,0.0693753415970337,True,False,Research & Development,Low
34,0,702,16,4,1,838,3,100,2,1,4,2553,8306,1,16,3,3,80,0,6,3,3,5,2,1,3,True,False,True,False,True,False,False,False,False,False,False,False,False,False,False,True,False,False,False,True,False,0.1115926189190155,True,False,Research & Development,Low
49,1,1184,11,3,1,840,3,43,3,3,4,7654,5860,1,18,3,1,80,2,9,3,4,9,8,7,7,False,True,False,True,False,True,False,False,False,False,False,False,False,False,False,False,True,False,True,False,False,0.0045777027550897,True,False,Sales,Low
55,1,436,2,1,1,842,3,37,3,2,4,5160,21519,4,16,3,3,80,0,12,3,2,9,7,7,3,False,True,False,True,False,False,True,False,False,True,False,False,False,False,False,False,True,False,False,True,False,0.0748992548093954,True,False,Sales,Low
43,0,589,14,2,1,843,2,94,3,4,1,17159,5200,6,24,4,3,80,1,22,3,3,4,1,1,0,False,True,True,False,True,False,False,False,False,True,False,False,False,False,True,False,False,False,True,False,False,0.0105558233511415,True,False,Research & Development,Low
27,0,269,5,1,1,844,3,42,2,3,4,12808,8842,1,16,3,2,80,1,9,3,3,9,8,0,8,False,True,True,False,False,False,False,False,True,True,False,False,False,False,True,False,False,False,False,False,True,0.0089291170233668,True,False,Research & Development,Low
35,0,950,7,3,1,845,3,59,3,3,3,10221,18869,3,21,4,2,80,0,17,3,4,8,5,1,6,False,True,True,False,False,False,False,True,False,True,False,False,False,True,False,False,False,False,False,True,False,0.0116283359889678,True,False,Research & Development,Low
28,0,760,2,4,1,846,2,81,3,2,2,4779,3698,1,20,4,1,80,0,8,2,3,8,7,7,5,False,True,False,True,False,True,False,False,False,False,False,False,False,False,False,False,True,False,True,False,True,0.3902794394615593,False,True,Sales,Medium
34,0,829,3,2,1,847,3,88,3,1,4,3737,2243,0,19,3,3,80,1,4,1,1,3,2,0,2,False,True,False,False,False,False,False,False,False,True,True,False,False,False,False,False,False,False,True,False,False,0.061795645132652,True,False,Other,Low
26,1,887,5,2,1,848,3,88,2,1,3,2366,20898,1,14,3,1,80,1,8,2,3,8,7,1,7,True,False,True,False,False,False,True,False,False,False,False,False,False,False,False,True,False,False,True,False,True,0.1658323677906689,True,False,Research & Development,Low
27,0,443,3,3,1,850,4,50,3,1,4,1706,16571,1,11,3,3,80,3,0,6,2,0,0,0,0,False,False,True,False,False,False,True,False,False,True,False,False,False,False,False,True,False,False,True,False,False,0.0030390585913616,True,False,Research & Development,Low
51,0,1318,26,4,1,851,1,66,3,4,3,16307,5594,2,14,3,3,80,1,29,2,2,20,6,4,17,False,True,False,True,False,True,False,False,False,False,False,False,True,False,False,False,False,False,True,False,False,0.0103863342096336,True,False,Sales,Low
44,0,625,4,3,1,852,4,50,3,2,2,5933,5197,9,12,3,4,80,0,10,2,2,5,2,2,3,False,True,True,False,False,False,True,False,False,True,False,False,False,False,False,False,False,False,False,True,False,0.0815464291457372,True,False,Research & Development,Low
25,0,180,2,1,1,854,1,65,4,1,1,3424,21632,7,13,3,3,80,0,6,3,2,4,3,0,1,False,True,True,False,False,False,True,False,False,True,False,False,False,False,False,True,False,False,False,True,False,0.4412371064926583,False,True,Research & Development,Medium
33,0,586,1,3,1,855,1,48,4,2,1,4037,21816,1,22,4,1,80,1,9,5,3,9,8,0,8,False,True,False,True,False,False,True,False,False,True,False,False,False,False,False,False,True,False,False,False,False,0.0072986348688116,True,False,Sales,Low
35,0,1343,27,1,1,856,3,53,2,1,1,2559,17852,1,11,3,4,80,0,6,3,2,6,5,1,1,False,True,True,False,False,False,True,False,False,False,False,False,False,False,False,True,False,False,False,True,False,0.1859435266644167,True,False,Research & Development,Low
36,0,928,1,2,1,857,2,56,3,2,4,6201,2823,1,14,3,4,80,1,18,1,2,18,14,4,11,False,True,False,True,True,False,False,False,False,True,False,False,False,False,False,False,True,False,True,False,True,0.0289376433974467,True,False,Sales,Low
32,0,117,13,4,1,859,2,73,3,2,4,4403,9250,2,11,3,3,80,1,8,3,2,5,2,0,3,False,True,False,True,True,False,False,False,False,True,False,False,False,False,False,False,True,False,False,False,False,0.0364497065684008,True,False,Sales,Low
30,0,1012,5,4,1,861,2,75,2,1,4,3761,2373,9,12,3,2,80,1,10,3,2,5,4,0,3,True,False,True,False,True,False,False,False,False,True,False,False,False,False,False,True,False,False,False,False,False,0.1338632927894884,True,False,Research & Development,Low
53,0,661,7,2,1,862,1,78,2,3,4,10934,20715,7,18,3,4,80,1,35,3,3,5,2,0,4,False,True,False,True,False,True,False,False,False,False,False,False,False,False,False,False,True,False,True,False,True,0.1069600117124356,True,False,Sales,Low
45,0,930,9,3,1,864,4,74,3,3,1,10761,19239,4,12,3,3,80,1,18,2,3,5,4,0,2,False,True,False,True,False,True,False,False,False,True,False,False,False,False,False,False,True,False,False,False,True,0.1737409036767991,True,False,Sales,Low
32,0,638,8,2,1,865,3,91,4,2,3,5175,22162,5,12,3,3,80,1,9,3,2,5,3,1,3,False,True,True,False,False,False,True,False,False,False,False,False,False,False,False,True,False,False,True,False,False,0.01939442869441,True,False,Research & Development,Low
52,0,890,25,4,1,867,3,81,2,4,4,13826,19028,3,22,4,3,80,0,31,3,3,9,8,0,0,True,False,True,False,False,False,True,False,False,False,False,False,False,True,False,False,False,False,True,False,False,0.0072794672613205,True,False,Research & Development,Low
37,0,342,16,4,1,868,4,66,2,2,3,6334,24558,4,19,3,4,80,2,9,2,3,1,0,0,0,False,True,False,True,False,True,False,False,False,True,False,False,False,False,False,False,True,False,False,False,False,0.0626923184493212,True,False,Sales,Low
28,0,1169,8,2,1,869,2,63,2,1,4,4936,23965,1,13,3,4,80,1,6,6,3,5,1,0,4,False,True,False,False,False,False,True,False,False,True,True,False,False,False,False,False,False,False,False,False,False,0.0251405555707627,True,False,Other,Low
22,0,1230,1,2,1,872,4,33,2,2,4,4775,19146,6,22,4,1,80,2,4,2,1,2,2,2,2,False,True,True,False,True,False,False,False,False,True,False,False,False,True,False,False,False,False,True,False,False,0.0466111727440978,True,False,Research & Development,Low
44,0,986,8,4,1,874,1,62,4,1,4,2818,5044,2,24,4,3,80,1,10,2,2,3,2,0,2,False,True,True,False,True,False,False,False,False,True,False,True,False,False,False,False,False,False,True,False,True,0.212848338800525,True,False,Research & Development,Low
42,0,1271,2,1,1,875,2,35,3,1,4,2515,9068,5,14,3,4,80,0,8,2,3,2,1,2,2,True,False,True,False,False,False,True,False,False,True,False,False,False,False,False,True,False,False,False,True,True,0.5130205113006956,False,True,Research & Development,Medium
36,0,1278,8,3,1,878,1,77,2,1,1,2342,8635,0,21,4,3,80,0,6,3,3,5,4,0,3,False,True,False,False,True,False,False,False,False,True,True,False,False,False,False,False,False,False,True,False,False,0.1056844490083452,True,False,Other,Low
25,0,141,3,1,1,879,3,98,3,2,1,4194,14363,1,18,3,4,80,0,5,3,3,5,3,0,3,False,True,False,True,False,False,False,True,False,True,False,False,False,False,False,False,True,False,True,False,True,0.3101813354046533,False,True,Sales,Medium
35,0,607,9,3,1,880,4,66,2,3,3,10685,23457,1,20,4,2,80,1,17,2,3,17,14,5,15,False,True,True,False,True,False,False,False,False,False,False,False,False,True,False,False,False,False,True,False,True,0.0098701143666413,True,False,Research & Development,Low
35,1,130,25,4,1,881,4,96,3,1,2,2022,16612,1,19,3,1,80,1,10,3,2,10,2,7,8,True,False,True,False,True,False,False,False,False,False,False,False,False,False,False,True,False,False,False,False,True,0.5750850016882305,False,True,Research & Development,Medium
32,0,300,1,3,1,882,4,61,3,1,4,2314,9148,0,12,3,2,80,1,4,2,3,3,0,0,2,False,False,True,False,True,False,False,False,False,True,False,True,False,False,False,False,False,False,False,False,False,0.0068878180604346,True,False,Research & Development,Low
25,0,583,4,1,1,885,3,87,2,2,1,4256,18154,1,12,3,1,80,0,5,1,4,5,2,0,3,False,True,False,True,False,True,False,False,False,True,False,False,False,False,False,False,True,False,True,False,False,0.168750279804665,True,False,Sales,Low
49,0,1418,1,3,1,887,3,36,3,1,1,3580,10554,2,16,3,2,80,1,7,2,3,4,2,0,2,False,True,True,False,False,False,False,False,True,False,False,False,False,False,False,True,False,False,True,False,False,0.0351015687344782,True,False,Research & Development,Low
24,0,1269,4,1,1,888,1,46,2,1,4,3162,10778,0,17,3,4,80,0,6,2,2,5,2,3,4,False,False,True,False,True,False,False,False,False,True,False,True,False,False,False,False,False,False,True,False,False,0.0551963320027308,True,False,Research & Development,Low
32,0,379,5,2,1,889,2,48,3,2,2,6524,8891,1,14,3,4,80,1,10,3,3,10,8,5,3,True,False,False,True,True,False,False,False,False,True,False,False,False,False,False,False,True,False,True,False,False,0.0885968074907482,True,False,Sales,Low
38,0,395,9,3,1,893,2,98,2,1,2,2899,12102,0,19,3,4,80,1,3,3,3,2,2,1,2,False,True,False,True,False,True,False,False,False,True,False,False,False,False,False,False,False,True,True,False,False,0.2118981890724231,True,False,Sales,Low
42,0,1265,3,3,1,894,3,95,4,2,4,5231,23726,2,13,3,2,80,1,17,1,2,5,3,1,3,False,True,True,False,True,False,False,False,False,False,False,True,False,False,False,False,False,False,True,False,True,0.0911483838482474,True,False,Research & Development,Low
31,0,1222,11,4,1,895,4,48,3,1,4,2356,14871,3,19,3,2,80,1,8,2,3,6,4,0,2,False,True,True,False,True,False,False,False,False,True,False,False,False,False,False,True,False,False,True,False,True,0.0898238544278799,True,False,Research & Development,Low
29,1,341,1,3,1,896,2,48,2,1,3,2800,23522,6,19,3,3,80,3,5,3,3,3,2,0,2,False,True,False,True,False,False,True,False,False,False,False,False,False,False,False,False,False,True,False,False,True,0.5302521687453969,False,True,Sales,Medium
53,0,868,8,3,1,897,1,73,3,4,4,11836,22789,5,14,3,3,80,1,28,3,3,2,0,2,2,False,True,False,True,False,True,False,False,False,True,False,False,False,False,False,False,True,False,True,False,False,0.0302679459070094,True,False,Sales,Low
35,0,672,25,3,1,899,4,78,2,3,2,10903,9129,3,16,3,1,80,0,16,2,3,13,10,4,8,False,True,True,False,False,False,False,False,True,True,False,False,False,True,False,False,False,False,True,False,False,0.0840815014486859,True,False,Research & Development,Low
37,0,1231,21,2,1,900,3,54,3,1,4,2973,21222,5,15,3,2,80,1,10,3,3,5,4,0,0,True,False,False,True,False,False,True,False,False,False,False,False,False,False,False,False,False,True,True,False,False,0.1868687179269846,True,False,Sales,Low
53,0,102,23,4,1,901,4,72,3,4,4,14275,20206,6,18,3,3,80,0,33,0,3,12,9,3,8,False,True,True,False,True,False,False,False,False,False,False,False,False,False,True,False,False,False,False,True,False,0.0012617232795028,True,False,Research & Development,Low
43,0,422,1,3,1,902,4,33,3,2,4,5562,21782,4,13,3,2,80,1,12,2,2,5,2,2,2,True,False,True,False,True,False,False,False,False,False,False,False,False,False,False,False,False,False,True,False,False,0.0104272933666873,True,False,Research & Development,Low
47,0,249,2,2,1,903,3,35,3,2,4,4537,17783,0,22,4,1,80,1,8,2,3,7,6,7,7,False,True,False,True,False,True,False,False,False,False,False,False,False,False,False,False,True,False,True,False,True,0.0661405800850556,True,False,Sales,Low
37,0,1252,19,2,1,904,1,32,3,3,2,7642,4814,1,13,3,4,80,0,10,2,3,10,0,0,9,False,False,False,True,False,False,True,False,False,True,False,False,False,False,False,False,True,False,False,True,True,0.4099039727698187,False,True,Sales,Medium
50,0,881,2,4,1,905,1,98,3,4,1,17924,4544,1,11,3,4,80,1,31,3,3,31,6,14,7,False,False,True,False,True,False,False,False,False,True,False,False,True,False,False,False,False,False,False,False,False,0.0443280721479487,True,False,Research & Development,Low
39,0,1383,2,3,1,909,4,42,2,2,4,5204,7790,8,11,3,3,80,2,13,2,3,5,4,0,4,False,True,False,False,True,False,False,False,False,False,True,False,False,False,False,False,False,False,True,False,False,0.0137392959778023,True,False,Other,Low
33,0,1075,3,2,1,910,4,57,3,1,2,2277,22650,3,11,3,3,80,1,7,4,4,4,3,0,3,False,True,False,False,False,False,False,False,False,True,True,False,False,False,False,False,False,False,False,False,True,0.1547262613837839,True,False,Other,Low
32,1,374,25,4,1,911,1,87,3,1,4,2795,18016,1,24,4,3,80,0,1,2,1,1,0,0,1,False,True,True,False,True,False,False,False,False,True,False,True,False,False,False,False,False,False,False,True,True,0.936819698134258,False,False,Research & Development,High
29,0,1086,7,1,1,912,1,62,2,1,4,2532,6054,6,14,3,3,80,3,8,5,3,4,3,0,3,False,True,True,False,False,False,True,False,False,False,False,True,False,False,False,False,False,False,False,False,False,0.0292116034212555,True,False,Research & Development,Low
44,0,661,9,2,1,913,2,61,3,1,1,2559,7508,1,13,3,4,80,0,8,0,3,8,7,7,1,False,True,True,False,True,False,False,False,False,True,False,False,False,False,False,True,False,False,True,False,True,0.4911279290653352,False,True,Research & Development,Medium
28,0,821,5,4,1,916,1,98,3,2,4,4908,24252,1,14,3,2,80,0,4,3,3,4,2,0,2,False,True,False,True,False,False,True,False,False,True,False,False,False,False,False,False,True,False,False,True,False,0.1613114502747661,True,False,Sales,Low
58,1,781,2,1,1,918,4,57,2,1,4,2380,13384,9,14,3,4,80,1,3,3,2,1,0,0,0,True,False,True,False,True,False,False,False,False,True,False,True,False,False,False,False,False,False,False,False,True,0.5912082507910842,False,True,Research & Development,Medium
43,0,177,8,3,1,920,1,55,3,2,2,4765,23814,4,21,4,3,80,1,4,2,4,1,0,0,0,False,True,True,False,True,False,False,False,False,False,False,False,False,True,False,False,False,False,False,False,False,0.0244332717997345,True,False,Research & Development,Low
20,1,500,2,3,1,922,3,49,2,1,3,2044,22052,1,13,3,4,80,0,2,3,2,2,2,0,2,False,True,False,True,False,False,True,False,False,False,False,False,False,False,False,False,False,True,False,True,False,0.2864509148405493,True,False,Sales,Low
21,1,1427,18,1,1,923,4,65,3,1,4,2693,8870,1,19,3,1,80,0,1,3,2,1,0,0,0,False,True,True,False,False,False,False,True,False,False,False,False,False,False,False,True,False,False,False,True,False,0.0668386552202778,True,False,Research & Development,Low
36,0,1425,14,1,1,924,3,68,3,2,4,6586,4821,0,17,3,1,80,1,17,2,2,16,8,4,11,False,True,True,False,True,False,False,False,False,True,False,False,False,False,False,False,False,False,True,False,True,0.0188513789857151,True,False,Research & Development,Low
47,0,1454,2,4,1,925,4,65,2,1,4,3294,13137,1,18,3,1,80,0,3,3,2,3,2,1,2,False,True,False,True,True,False,False,False,False,False,False,False,False,False,False,False,False,True,False,True,True,0.5217214236211318,False,True,Sales,Medium
22,1,617,3,1,1,926,2,34,3,2,3,4171,10022,0,19,3,1,80,1,4,3,4,3,2,0,2,False,True,True,False,True,False,False,False,False,False,False,False,False,True,False,False,False,False,True,False,True,0.0481840258925581,True,False,Research & Development,Low
41,1,1085,2,4,1,927,2,57,1,1,4,2778,17725,4,13,3,3,80,1,10,1,2,7,7,1,0,False,True,True,False,True,False,False,False,False,False,False,True,False,False,False,False,False,False,False,False,True,0.4013660025553472,False,True,Research & Development,Medium
28,0,995,9,3,1,930,3,77,3,1,3,2377,9834,5,18,3,2,80,1,6,2,3,2,2,2,2,False,True,True,False,False,False,True,False,False,False,False,False,False,False,False,True,False,False,False,False,False,0.0222020135336566,True,False,Research & Development,Low
39,1,1122,6,3,1,932,4,70,3,1,1,2404,4303,7,21,4,4,80,0,8,2,1,2,2,2,2,False,True,True,False,False,False,True,False,False,True,False,True,False,False,False,False,False,False,True,False,True,0.7254969107550032,False,False,Research & Development,High
27,0,618,4,3,1,933,2,76,3,1,3,2318,17808,1,19,3,3,80,0,1,2,3,1,1,0,0,False,True,True,False,True,False,False,False,False,False,False,False,False,False,False,True,False,False,False,True,False,0.0737748281018859,True,False,Research & Development,Low
34,0,546,10,3,1,934,2,83,3,1,2,2008,6896,1,14,3,2,80,2,1,3,3,1,0,1,0,False,True,True,False,True,False,False,False,False,True,False,True,False,False,False,False,False,False,False,False,False,0.1174770446658066,True,False,Research & Development,Low
42,0,462,14,2,1,936,3,68,2,2,3,6244,7824,7,17,3,1,80,0,10,6,3,5,4,0,3,False,True,False,True,False,False,True,False,False,False,False,False,False,False,False,False,True,False,False,True,False,0.1083155767221862,True,False,Sales,Low
33,0,1198,1,4,1,939,3,100,2,1,1,2799,3339,3,11,3,2,80,0,6,1,3,3,2,0,2,False,True,True,False,False,False,False,True,False,True,False,False,False,False,False,True,False,False,False,True,True,0.7001209220753114,False,False,Research & Development,High
58,0,1272,5,3,1,940,3,37,2,3,2,10552,9255,2,13,3,4,80,1,24,3,3,6,0,0,4,False,True,True,False,False,False,False,False,True,False,False,False,False,False,False,False,False,False,False,False,True,0.0266458001381072,True,False,Research & Development,Low
31,0,154,7,4,1,941,2,41,2,1,3,2329,11737,3,15,3,2,80,0,13,2,4,7,7,5,2,False,True,False,True,True,False,False,False,False,True,False,False,False,False,False,False,False,True,True,False,False,0.2334463365466449,True,False,Sales,Low
35,0,1137,21,1,1,942,4,51,3,2,4,4014,19170,1,25,4,4,80,1,10,2,1,10,6,0,7,False,True,True,False,True,False,False,False,False,False,False,False,False,False,False,False,False,False,True,False,True,0.0115846116160202,True,False,Research & Development,Low
49,0,527,8,2,1,944,1,51,3,3,2,7403,22477,4,11,3,3,80,1,29,3,2,26,9,1,7,False,True,True,False,False,False,False,True,False,False,False,True,False,False,False,False,False,False,True,False,False,0.0888058500779672,True,False,Research & Development,Low
48,0,1469,20,4,1,945,4,51,3,1,3,2259,5543,4,17,3,1,80,2,13,2,2,0,0,0,0,False,True,True,False,False,False,True,False,False,True,False,False,False,False,False,True,False,False,True,False,False,0.023493975625561,True,False,Research & Development,Low
31,0,1188,20,2,1,947,4,45,3,2,3,6932,24406,1,13,3,4,80,1,9,2,2,9,8,0,0,False,False,False,True,False,True,False,False,False,False,False,False,False,False,False,False,True,False,True,False,False,0.0087341908853644,True,False,Sales,Low
36,0,188,7,4,1,949,2,65,3,1,4,4678,23293,2,18,3,3,80,0,8,6,3,6,2,0,1,False,True,True,False,False,False,False,True,False,True,False,False,False,False,False,True,False,False,False,True,False,0.0593630985103325,True,False,Research & Development,Low
38,0,1333,1,3,1,950,4,80,3,3,1,13582,16292,1,13,3,2,80,1,15,3,3,15,12,5,11,False,True,True,False,False,False,False,False,True,False,False,False,False,False,True,False,False,False,True,False,False,0.000964427477685,True,False,Research & Development,Low
32,0,1184,1,3,1,951,3,70,2,1,2,2332,3974,6,20,4,3,80,0,5,3,3,3,0,0,2,False,False,True,False,True,False,False,False,False,False,False,True,False,False,False,False,False,False,True,False,False,0.0567436941795982,True,False,Research & Development,Low
25,1,867,19,2,1,952,3,36,2,1,2,2413,18798,1,18,3,3,80,3,1,2,3,1,0,0,0,False,True,False,True,False,True,False,False,False,True,False,False,False,False,False,False,False,True,True,False,True,0.8316071343391915,False,False,Sales,High
40,0,658,10,4,1,954,1,67,2,3,2,9705,20652,2,12,3,2,80,1,11,2,2,1,0,0,0,False,True,False,True,False,True,False,False,False,True,False,False,False,False,False,False,True,False,False,False,False,0.2416204684612736,True,False,Sales,Low
26,0,1283,1,3,1,956,3,52,2,2,1,4294,11148,1,12,3,2,80,0,7,2,3,7,7,0,7,True,False,False,True,False,False,True,False,False,True,False,False,False,False,False,False,True,False,False,True,False,0.1532301485003595,True,False,Sales,Low
41,0,263,6,3,1,957,4,59,3,1,1,4721,3119,2,13,3,3,80,0,20,3,3,18,13,2,17,False,True,True,False,False,False,True,False,False,True,False,True,False,False,False,False,False,False,False,True,True,0.0935689991096852,True,False,Research & Development,Low
36,0,938,2,4,1,958,3,79,3,1,3,2519,12287,4,21,4,3,80,0,16,6,3,11,8,3,9,False,True,True,False,False,False,True,False,False,True,False,True,False,False,False,False,False,False,False,True,False,0.0262049895697502,True,False,Research & Development,Low
19,1,419,21,3,1,959,4,37,2,1,2,2121,9947,1,13,3,2,80,0,1,3,4,1,0,0,0,False,True,False,True,False,False,False,True,False,True,False,False,False,False,False,False,False,True,False,True,True,0.9283284203259168,False,False,Sales,High
20,1,129,4,3,1,960,1,84,3,1,1,2973,13008,1,19,3,2,80,0,1,2,3,1,0,0,0,False,True,True,False,False,False,False,False,True,True,False,True,False,False,False,False,False,False,False,True,False,0.8655094285967377,False,False,Research & Development,High
31,0,616,12,3,1,961,4,41,3,2,4,5855,17369,0,11,3,3,80,2,10,2,1,9,7,8,5,False,True,True,False,False,False,True,False,False,False,False,False,False,False,False,False,False,False,True,False,True,0.0446717633442561,True,False,Research & Development,Low
40,0,1469,9,4,1,964,4,35,3,1,2,3617,25063,8,14,3,4,80,1,3,2,3,1,1,0,0,True,False,True,False,False,False,True,False,False,True,False,False,False,False,False,True,False,False,False,False,True,0.4999966099719188,False,True,Research & Development,Medium
32,0,498,3,4,1,966,3,93,3,2,1,6725,13554,1,12,3,3,80,1,8,2,4,8,7,6,3,False,True,True,False,False,False,True,False,False,False,False,False,False,True,False,False,False,False,True,False,False,0.0168373760004336,True,False,Research & Development,Low
36,1,530,3,1,1,967,3,51,2,3,4,10325,5518,1,11,3,1,80,1,16,6,3,16,7,3,7,False,True,False,True,True,False,False,False,False,True,False,False,False,False,False,False,True,False,True,False,True,0.0904343783211546,True,False,Sales,Low
33,0,1069,1,3,1,969,2,42,2,2,4,6949,12291,0,14,3,1,80,0,6,3,3,5,0,1,4,False,True,True,False,True,False,False,False,False,False,False,False,False,False,False,False,False,False,False,True,False,0.0199538343625768,True,False,Research & Development,Low
37,1,625,1,4,1,970,1,46,2,3,3,10609,14922,5,11,3,3,80,0,17,2,1,14,1,11,7,False,True,False,True,True,False,False,False,False,True,False,False,False,False,False,False,True,False,True,False,False,0.7344191680487184,False,False,Sales,High
45,0,805,4,2,1,972,3,57,3,2,2,4447,23163,1,12,3,2,80,0,9,5,2,9,7,0,8,False,False,True,False,True,False,False,False,False,True,False,True,False,False,False,False,False,False,True,False,False,0.0064584798462556,True,False,Research & Development,Low
29,0,1404,20,3,1,974,3,84,3,1,4,2157,18203,1,15,3,2,80,1,3,5,3,3,1,0,2,True,False,False,True,False,False,False,False,True,False,False,False,False,False,False,False,False,True,True,False,False,0.2759807006025061,True,False,Sales,Low
35,0,1219,18,3,1,975,3,86,3,2,3,4601,6179,1,16,3,2,80,0,5,3,3,5,2,1,0,False,True,False,True,False,False,True,False,False,False,False,False,False,False,False,False,True,False,True,False,False,0.0445125431524492,True,False,Sales,Low
52,0,1053,1,2,1,976,4,70,3,4,4,17099,13829,2,15,3,2,80,1,26,2,2,9,8,7,8,False,True,True,False,True,False,False,False,False,True,False,False,True,False,False,False,False,False,True,False,False,0.0009001942500042,True,False,Research & Development,Low
58,1,289,2,3,1,977,4,51,3,1,3,2479,26227,4,24,4,1,80,0,7,4,3,1,0,0,0,False,True,True,False,False,False,False,False,True,True,False,False,False,False,False,True,False,False,False,True,False,0.0964140568748607,True,False,Research & Development,Low
53,0,1376,2,2,1,981,3,45,3,4,3,14852,13938,6,13,3,3,80,1,22,3,4,17,13,15,2,False,True,False,True,False,False,True,False,False,True,False,False,True,False,False,False,False,False,False,False,False,0.0141875202026657,True,False,Sales,Low
30,0,231,8,2,1,982,3,62,3,3,3,7264,9977,5,11,3,1,80,1,10,2,4,8,4,7,7,False,True,False,True,False,False,False,True,False,True,False,False,False,False,False,False,True,False,False,False,False,0.0625303745679993,True,False,Sales,Low
38,0,152,10,3,1,983,3,85,3,2,4,5666,19899,1,13,3,2,80,0,6,1,3,5,3,1,3,False,False,False,True,False,False,False,False,True,False,False,False,False,False,False,False,True,False,False,True,True,0.3828771454658751,False,True,Sales,Medium
35,0,882,3,4,1,984,4,92,3,3,4,7823,6812,6,13,3,2,80,1,12,2,3,10,9,0,8,False,True,False,True,True,False,False,False,False,True,False,False,False,False,False,False,True,False,False,False,False,0.0037461356694592,True,False,Sales,Low
39,0,903,2,5,1,985,1,41,4,3,3,7880,2560,0,18,3,4,80,0,9,3,3,8,7,0,7,False,True,False,True,True,False,False,False,False,True,False,False,False,False,False,False,True,False,False,True,False,0.0106812126243872,True,False,Sales,Low
40,1,1479,24,3,1,986,2,100,4,4,2,13194,17071,4,16,3,4,80,0,22,2,2,1,0,0,0,False,False,False,True,True,False,False,False,False,False,False,False,False,False,False,False,True,False,False,True,True,0.3187775532497724,False,True,Sales,Medium
47,0,1379,16,4,1,987,3,64,4,2,3,5067,6759,1,19,3,3,80,0,20,3,4,19,10,2,7,True,False,True,False,False,False,True,False,False,True,False,False,False,True,False,False,False,False,False,False,True,0.0197445818355625,True,False,Research & Development,Low
36,0,1229,8,4,1,990,1,84,3,2,4,5079,25952,4,13,3,4,80,2,12,3,3,7,7,0,7,False,False,False,True,False,False,False,False,True,True,False,False,False,False,False,False,True,False,False,False,False,0.0068742656456614,True,False,Sales,Low
31,1,335,9,2,1,991,3,46,2,1,1,2321,10322,0,22,4,1,80,0,4,0,3,3,2,1,2,False,False,True,False,False,False,True,False,False,True,False,False,False,False,False,True,False,False,False,True,True,0.5195803224384701,False,True,Research & Development,Medium
33,0,722,17,3,1,992,4,38,3,4,3,17444,20489,1,11,3,4,80,0,10,2,3,10,8,6,0,False,False,False,True,True,False,False,False,False,True,False,False,True,False,False,False,False,False,False,True,False,0.031504986390134,True,False,Sales,Low
29,1,906,10,3,1,994,4,92,2,1,1,2404,11479,6,20,4,3,80,0,3,5,3,0,0,0,0,False,True,True,False,True,False,False,False,False,False,False,False,False,False,False,True,False,False,False,True,True,0.6443069115453833,False,True,Research & Development,Medium
33,0,461,13,1,1,995,2,53,3,1,4,3452,17241,3,18,3,1,80,0,5,4,3,3,2,0,2,False,True,True,False,True,False,False,False,False,False,False,False,False,False,False,True,False,False,False,True,False,0.0557564389545563,True,False,Research & Development,Low
45,0,974,1,4,1,996,4,91,3,1,4,2270,11005,3,14,3,4,80,2,8,2,3,5,3,0,2,False,True,True,False,False,False,True,False,False,False,False,True,False,False,False,False,False,False,False,False,False,0.0048527480164267,True,False,Research & Development,Low
50,0,1126,1,2,1,997,4,66,3,4,4,17399,6615,9,22,4,3,80,1,32,1,2,5,4,1,3,False,True,True,False,False,False,True,False,False,True,False,False,False,False,True,False,False,False,False,False,False,0.0003777054587987,True,False,Research & Development,Low
33,0,827,1,4,1,998,3,84,4,2,2,5488,20161,1,13,3,1,80,1,6,2,3,6,5,1,2,True,False,True,False,False,False,False,True,False,False,False,False,False,False,False,False,False,False,True,False,True,0.0824730197318533,True,False,Research & Development,Low
41,0,840,9,3,1,999,1,64,3,5,3,19419,3735,2,17,3,2,80,1,21,2,4,18,16,0,11,True,False,True,False,False,False,True,False,False,True,False,False,False,False,True,False,False,False,False,False,False,0.0002933240827464,True,False,Research & Development,Low
27,0,1134,16,4,1,1001,3,37,3,1,2,2811,12086,9,14,3,2,80,1,4,2,3,2,2,2,2,False,True,True,False,False,False,False,False,True,False,False,True,False,False,False,False,False,False,True,False,False,0.6083506119547862,False,True,Research & Development,Medium
45,0,248,23,2,1,1002,4,42,3,2,1,3633,14039,1,15,3,3,80,1,9,2,3,9,8,0,8,False,False,True,False,True,False,False,False,False,True,False,True,False,False,False,False,False,False,True,False,True,0.0703378188833068,True,False,Research & Development,Low
47,0,955,4,2,1,1003,4,83,3,2,4,4163,8571,1,17,3,3,80,0,9,0,3,9,0,0,7,False,True,False,True,True,False,False,False,False,False,False,False,False,False,False,False,True,False,False,True,True,0.1303962132193646,True,False,Sales,Low
30,1,138,22,3,1,1004,1,48,3,1,3,2132,11539,4,11,3,2,80,0,7,2,3,5,2,0,1,False,True,True,False,True,False,False,False,False,False,False,False,False,False,False,True,False,False,True,False,True,0.5963356395774501,False,True,Research & Development,Medium
50,0,939,24,3,1,1005,4,95,3,4,3,13973,4161,3,18,3,4,80,1,22,2,3,12,11,1,5,False,True,True,False,True,False,False,False,False,True,False,False,False,True,False,False,False,False,True,False,True,0.0154395501275222,True,False,Research & Development,Low
38,0,1391,10,1,1,1006,3,66,3,1,3,2684,12127,0,17,3,2,80,1,3,0,2,2,1,0,2,True,False,True,False,False,False,True,False,False,True,False,False,False,False,False,True,False,False,True,False,False,0.0574786322240778,True,False,Research & Development,Low
46,0,566,7,2,1,1007,4,75,3,3,3,10845,24208,6,13,3,2,80,1,13,3,3,8,7,0,7,False,True,True,False,False,False,True,False,False,True,False,False,False,True,False,False,False,False,False,False,False,0.0029740961139693,True,False,Research & Development,Low
24,0,1206,17,1,1,1009,4,41,2,2,3,4377,24117,1,15,3,2,80,2,5,6,3,4,2,3,2,False,True,True,False,False,False,True,False,False,False,False,False,False,True,False,False,False,False,False,False,False,0.0073363602105032,True,False,Research & Development,Low
35,1,622,14,4,1,1010,3,39,2,1,2,3743,10074,1,24,4,4,80,1,5,2,1,4,2,0,2,False,True,True,False,False,False,False,True,False,True,False,True,False,False,False,False,False,False,False,False,True,0.5943055302958627,False,True,Research & Development,Medium
31,0,853,1,1,1,1011,3,96,3,2,1,4148,11275,1,12,3,3,80,1,4,1,3,4,3,0,3,True,False,True,False,True,False,False,False,False,False,False,False,False,True,False,False,False,False,True,False,False,0.0244482037878064,True,False,Research & Development,Low
18,0,287,5,2,1,1012,2,73,3,1,4,1051,13493,1,15,3,4,80,0,0,2,3,0,0,0,0,False,False,True,False,True,False,False,False,False,True,False,False,False,False,False,True,False,False,False,True,False,0.0379348444684389,True,False,Research & Development,Low
54,0,1441,17,3,1,1013,3,56,3,3,3,10739,13943,8,11,3,3,80,1,22,2,3,10,7,0,8,False,True,True,False,False,False,False,False,True,False,False,False,False,True,False,False,False,False,True,False,False,0.0098575071952722,True,False,Research & Development,Low
35,0,583,25,4,1,1014,3,57,3,3,3,10388,6975,1,11,3,3,80,1,16,3,2,16,10,10,1,False,True,True,False,False,False,True,False,False,False,False,False,False,False,False,False,False,False,False,False,True,0.164129461306906,True,False,Research & Development,Low
30,0,153,8,2,1,1015,2,73,4,3,1,11416,17802,0,12,3,3,80,3,9,4,2,8,7,1,7,False,True,True,False,True,False,False,False,False,False,False,False,False,False,True,False,False,False,True,False,True,0.0063292007356523,True,False,Research & Development,Low
20,1,1097,11,3,1,1016,4,98,2,1,1,2600,18275,1,15,3,1,80,0,1,2,3,1,0,0,0,False,True,True,False,False,False,True,False,False,False,False,False,False,False,False,True,False,False,False,True,True,0.7560077705131214,False,False,Research & Development,High
30,1,109,5,3,1,1017,2,60,3,1,2,2422,25725,0,17,3,1,80,0,4,3,3,3,2,1,2,True,False,True,False,False,False,True,False,False,False,False,True,False,False,False,False,False,False,False,True,False,0.4411842934768829,False,True,Research & Development,Medium
26,0,1066,2,2,1,1018,4,32,4,2,4,5472,3334,1,12,3,2,80,0,8,2,3,8,7,1,3,False,True,True,False,False,False,True,False,False,True,False,False,False,True,False,False,False,False,True,False,False,0.0020011244806111,True,False,Research & Development,Low
22,0,217,8,1,1,1019,2,94,1,1,1,2451,6881,1,15,3,1,80,1,4,3,2,4,3,1,1,False,True,True,False,True,False,False,False,False,True,False,True,False,False,False,False,False,False,True,False,False,0.5477064252394278,False,True,Research & Development,Medium
48,0,277,6,3,1,1022,1,97,2,2,3,4240,13119,2,13,3,4,80,0,19,0,3,2,2,2,2,False,True,True,False,True,False,False,False,False,True,False,False,False,False,False,False,False,False,False,True,False,0.0362566763302803,True,False,Research & Development,Low
48,0,1355,4,4,1,1024,3,78,2,3,3,10999,22245,7,14,3,2,80,0,27,3,3,15,11,4,8,False,True,True,False,True,False,False,False,False,True,False,False,False,False,False,False,False,False,False,True,False,0.0127216832458878,True,False,Research & Development,Low
41,0,549,7,2,1,1025,4,42,3,2,3,5003,23371,6,14,3,2,80,0,8,6,3,2,2,2,1,False,True,True,False,False,False,True,False,False,False,False,False,False,True,False,False,False,False,False,True,False,0.0260464448457484,True,False,Research & Development,Low
39,0,466,1,1,1,1026,4,65,2,4,4,12742,7060,1,16,3,3,80,1,21,3,3,21,6,11,8,False,True,True,False,True,False,False,False,False,False,False,False,False,True,False,False,False,False,True,False,False,0.0097914429020301,True,False,Research & Development,Low
27,0,1055,2,4,1,1027,1,47,3,2,4,4227,4658,0,18,3,2,80,1,4,2,3,3,2,2,2,False,True,True,False,True,False,False,False,False,False,False,False,False,True,False,False,False,False,True,False,False,0.0098643423519365,True,False,Research & Development,Low
35,0,802,10,3,1,1028,2,45,3,1,4,3917,9541,1,20,4,1,80,1,3,4,2,3,2,1,2,False,True,True,False,False,False,False,True,False,True,False,True,False,False,False,False,False,False,False,False,False,0.0521474305378415,True,False,Research & Development,Low
42,0,265,5,2,1,1029,4,90,3,5,3,18303,7770,6,13,3,2,80,0,21,3,4,1,0,0,0,False,True,False,True,False,True,False,False,False,True,False,False,True,False,False,False,False,False,True,False,False,0.0127001336816112,True,False,Sales,Low
50,0,804,9,3,1,1030,1,64,3,1,4,2380,20165,4,18,3,2,80,0,8,5,3,1,0,0,0,False,True,True,False,True,False,False,False,False,True,False,True,False,False,False,False,False,False,True,False,False,0.0879214273965782,True,False,Research & Development,Low
59,0,715,2,3,1,1032,3,69,2,4,4,13726,21829,3,13,3,1,80,0,30,4,3,5,3,4,3,False,True,True,False,True,False,False,False,False,False,False,False,False,True,False,False,False,False,False,True,True,0.0605888200982034,True,False,Research & Development,Low
37,1,1141,11,2,1,1033,1,61,1,2,2,4777,14382,5,15,3,1,80,0,15,2,1,1,0,0,0,False,True,True,False,False,False,True,False,False,False,False,False,False,False,False,False,False,False,True,False,False,0.1569896851892873,True,False,Research & Development,Low
55,0,135,18,4,1,1034,3,62,3,2,2,6385,12992,3,14,3,4,80,2,17,3,3,8,7,6,7,True,False,True,False,False,False,True,False,False,True,False,False,False,False,False,False,False,False,True,False,True,0.0831293289292691,True,False,Research & Development,Low
41,0,247,7,1,1,1035,2,55,1,5,3,19973,20284,1,22,4,2,80,2,21,3,3,21,16,5,10,False,False,True,False,True,False,False,False,False,False,False,False,False,False,True,False,False,False,False,False,False,0.0001600057672398,True,False,Research & Development,Low
38,0,1035,3,4,1,1036,2,42,3,2,4,6861,4981,8,12,3,3,80,0,19,1,3,1,0,0,0,False,True,False,True,True,False,False,False,False,True,False,False,False,False,False,False,True,False,False,True,True,0.5984124885131363,False,True,Sales,Medium
26,1,265,29,2,1,1037,2,79,1,2,1,4969,21813,8,18,3,4,80,0,7,6,3,2,2,2,2,False,False,False,True,False,False,True,False,False,True,False,False,False,False,False,False,True,False,False,True,False,0.6529767284985535,False,True,Sales,Medium
52,1,266,2,1,1,1038,1,57,1,5,4,19845,25846,1,15,3,4,80,1,33,3,3,32,14,6,9,False,True,False,True,False,True,False,False,False,False,False,False,True,False,False,False,False,False,True,False,False,0.0108372844523746,True,False,Sales,Low
44,0,1448,28,3,1,1039,4,53,4,4,4,13320,11737,3,18,3,3,80,1,23,2,3,12,11,11,11,False,True,False,True,False,False,True,False,False,False,False,False,False,False,False,False,True,False,True,False,True,0.0302425619784442,True,False,Sales,Low
50,0,145,1,3,1,1040,4,95,3,2,3,6347,24920,0,12,3,1,80,1,19,3,3,18,7,0,13,False,False,False,True,True,False,False,False,False,False,False,False,False,False,False,False,True,False,True,False,False,0.0007105748254481,True,False,Sales,Low
36,1,885,16,4,1,1042,3,43,4,1,1,2743,8269,1,16,3,3,80,0,18,1,3,17,13,15,14,False,True,True,False,True,False,False,False,False,False,False,True,False,False,False,False,False,False,False,True,False,0.1132786861377641,True,False,Research & Development,Low
39,0,945,22,3,1,1043,4,82,3,3,1,10880,5083,1,13,3,3,80,0,21,2,3,21,6,2,8,True,False,True,False,False,False,True,False,False,False,False,False,False,True,False,False,False,False,False,True,True,0.4841166478036825,False,True,Research & Development,Medium
33,0,1038,8,1,1,1044,2,88,2,1,4,2342,21437,0,19,3,4,80,0,3,2,2,2,2,2,2,False,False,False,True,True,False,False,False,False,False,False,False,False,False,False,False,False,True,False,True,False,0.1064217676299597,True,False,Sales,Low
45,0,1234,11,2,1,1045,4,90,3,4,4,17650,5404,3,13,3,2,80,1,26,4,4,9,3,1,1,False,True,False,True,True,False,False,False,False,False,False,False,True,False,False,False,False,False,True,False,False,0.0016353831805267,True,False,Sales,Low
32,0,1109,29,4,1,1046,4,69,3,1,3,4025,11135,9,12,3,2,80,0,10,2,3,8,7,7,7,False,False,True,False,False,False,True,False,False,False,False,True,False,False,False,False,False,False,False,True,False,0.2544932216085531,True,False,Research & Development,Low
34,0,216,1,4,1,1047,2,75,4,2,4,9725,12278,0,11,3,4,80,1,16,2,2,15,1,0,9,False,True,False,True,False,True,False,False,False,True,False,False,False,False,False,False,True,False,False,False,False,0.0150884639925742,True,False,Sales,Low
59,0,1089,1,2,1,1048,2,66,3,3,4,11904,11038,3,14,3,3,80,1,14,1,1,6,4,0,4,False,True,False,True,False,False,False,False,True,True,False,False,True,False,False,False,False,False,True,False,True,0.1389656966236472,True,False,Sales,Low
45,0,788,24,4,1,1049,2,36,3,1,2,2177,8318,1,16,3,1,80,0,6,3,3,6,3,0,4,False,True,False,False,False,False,True,False,False,True,True,False,False,False,False,False,False,False,False,True,False,0.2608832710288406,True,False,Other,Low
53,0,124,2,3,1,1050,3,38,2,3,2,7525,23537,2,12,3,1,80,1,30,2,3,15,7,6,12,True,False,False,True,False,True,False,False,False,False,False,False,False,False,False,False,True,False,True,False,False,0.0310299872840131,True,False,Sales,Low
36,1,660,15,3,1,1052,1,81,3,2,3,4834,7858,7,14,3,2,80,1,9,3,2,1,0,0,0,False,True,True,False,False,False,False,True,False,True,False,True,False,False,False,False,False,False,False,False,False,0.3360856583905802,False,True,Research & Development,Medium
26,1,342,2,3,1,1053,1,57,3,1,1,2042,15346,6,14,3,2,80,1,6,2,3,3,2,1,2,True,False,True,False,True,False,False,False,False,True,False,False,False,False,False,True,False,False,True,False,True,0.8548662503721824,False,False,Research & Development,High
34,0,1333,10,4,1,1055,3,87,3,1,3,2220,18410,1,19,3,4,80,1,1,2,3,1,1,0,0,False,True,False,True,True,False,False,False,False,False,False,False,False,False,False,False,False,True,True,False,True,0.3719540096106783,False,True,Sales,Medium
28,0,1144,10,1,1,1056,4,74,3,1,2,1052,23384,1,22,4,2,80,0,1,5,3,1,0,0,0,False,True,False,True,False,False,True,False,False,True,False,False,False,False,False,False,False,True,True,False,False,0.1143679905329574,True,False,Sales,Low
38,0,1186,3,4,1,1060,3,44,3,1,3,2821,2997,3,16,3,1,80,1,8,2,3,2,2,2,2,True,False,True,False,False,False,False,True,False,True,False,False,False,False,False,True,False,False,True,False,False,0.0469545688307263,True,False,Research & Development,Low
50,0,1464,2,4,1,1061,2,62,3,5,3,19237,12853,2,11,3,4,80,1,29,2,2,8,1,7,7,False,True,True,False,False,False,True,False,False,True,False,False,False,False,True,False,False,False,True,False,True,0.0169668089764658,True,False,Research & Development,Low
37,0,124,3,3,1,1062,4,35,3,2,2,4107,13848,3,15,3,1,80,0,8,3,2,4,3,0,1,False,True,True,False,False,False,False,True,False,False,False,False,False,False,False,False,False,False,False,True,False,0.0237453166641604,True,False,Research & Development,Low
40,0,300,26,3,1,1066,3,74,3,2,1,8396,22217,1,14,3,2,80,1,8,3,2,7,7,7,5,False,True,False,True,False,True,False,False,False,True,False,False,False,False,False,False,True,False,True,False,False,0.247176907627082,True,False,Sales,Low
26,0,921,1,1,1,1068,1,66,2,1,3,2007,25265,1,13,3,3,80,2,5,5,3,5,3,1,3,True,False,True,False,False,False,True,False,False,False,False,False,False,False,False,True,False,False,False,False,False,0.0268334533528461,True,False,Research & Development,Low
46,0,430,1,4,1,1069,4,40,3,5,4,19627,21445,9,17,3,4,80,2,23,0,3,2,2,2,2,False,True,True,False,False,False,True,False,False,True,False,False,False,False,True,False,False,False,False,False,False,0.0010161986624543,True,False,Research & Development,Low
54,0,1082,2,4,1,1070,3,41,2,3,3,10686,8392,6,11,3,2,80,1,13,4,3,9,4,7,0,False,True,False,True,True,False,False,False,False,False,False,False,False,False,False,False,True,False,True,False,False,0.0915093604627651,True,False,Sales,Low
56,0,1240,9,3,1,1071,1,63,3,1,3,2942,12154,2,19,3,2,80,1,18,4,3,5,4,0,3,True,False,True,False,False,False,True,False,False,False,False,False,False,False,False,True,False,False,True,False,False,0.0091361894796795,True,False,Research & Development,Low
36,0,796,12,5,1,1073,4,51,2,3,4,8858,15669,0,11,3,2,80,0,15,2,2,14,8,7,8,False,True,True,False,False,False,True,False,False,False,False,False,False,True,False,False,False,False,False,True,False,0.0278667174459495,True,False,Research & Development,Low
55,0,444,2,1,1,1074,3,40,2,4,1,16756,17323,7,15,3,2,80,0,31,3,4,9,7,6,2,False,False,True,False,False,False,True,False,False,True,False,False,True,False,False,False,False,False,False,True,False,0.0166147267571407,True,False,Research & Development,Low
43,0,415,25,3,1,1076,3,79,2,3,4,10798,5268,5,13,3,3,80,1,18,5,3,1,0,0,0,False,True,False,True,False,False,True,False,False,True,False,False,False,False,False,False,True,False,False,False,False,0.0332488103475275,True,False,Sales,Low
20,1,769,9,3,1,1077,4,54,3,1,4,2323,17205,1,14,3,2,80,0,2,3,3,2,2,0,2,True,False,False,True,False,True,False,False,False,False,False,False,False,False,False,False,False,True,False,True,True,0.7645902864577278,False,False,Sales,High
21,1,1334,10,3,1,1079,3,36,2,1,1,1416,17258,1,13,3,1,80,0,1,6,2,1,0,1,0,False,True,True,False,True,False,False,False,False,False,False,True,False,False,False,False,False,False,False,True,False,0.5026030289257016,False,True,Research & Development,Medium
46,0,1003,8,4,1,1080,4,74,2,2,1,4615,21029,8,23,4,1,80,3,19,2,3,16,13,1,7,False,True,True,False,True,False,False,False,False,False,False,False,False,False,False,True,False,False,False,False,True,0.0525402999871924,True,False,Research & Development,Low
51,1,1323,4,4,1,1081,1,34,3,1,3,2461,10332,9,12,3,3,80,3,18,2,4,10,0,2,7,False,True,True,False,True,False,False,False,False,True,False,False,False,False,False,True,False,False,True,False,True,0.2480751054139941,True,False,Research & Development,Low
28,1,1366,24,2,1,1082,2,72,2,3,1,8722,12355,1,12,3,1,80,0,10,2,2,10,7,1,9,False,False,True,False,False,False,False,False,True,True,False,False,False,False,False,False,False,False,False,True,False,0.113258823541737,True,False,Research & Development,Low
26,0,192,1,2,1,1083,1,59,2,1,1,3955,11141,1,16,3,1,80,2,6,2,3,5,3,1,3,False,True,True,False,False,False,True,False,False,True,False,True,False,False,False,False,False,False,True,False,False,0.3027422529429717,False,True,Research & Development,Medium
30,0,1176,20,3,1,1084,3,85,3,2,1,9957,9096,0,15,3,3,80,1,7,1,2,6,2,0,2,False,True,True,False,False,False,False,True,False,True,False,False,False,True,False,False,False,False,True,False,False,0.0777552592502206,True,False,Research & Development,Low
41,0,509,7,2,1,1085,2,43,4,1,3,3376,18863,1,13,3,3,80,0,10,3,3,10,6,0,8,False,True,True,False,False,False,False,False,True,False,False,False,False,False,False,True,False,False,True,False,False,0.0085698314584338,True,False,Research & Development,Low
38,0,330,17,1,1,1088,3,65,2,3,3,8823,24608,0,18,3,1,80,1,20,4,2,19,9,1,9,False,True,True,False,True,False,False,False,False,False,False,False,False,False,False,False,False,False,True,False,False,0.0035473545239684,True,False,Research & Development,Low
40,0,1492,20,4,1,1092,1,61,3,3,4,10322,26542,4,20,4,4,80,1,14,6,3,11,10,11,1,False,True,True,False,False,False,False,False,True,True,False,False,False,False,False,False,False,False,True,False,False,0.0603681821224681,True,False,Research & Development,Low
27,0,1277,8,5,1,1094,1,87,1,1,3,4621,5869,1,19,3,4,80,3,3,4,3,3,2,1,2,False,False,True,False,True,False,False,False,False,True,False,True,False,False,False,False,False,False,True,False,False,0.0587609817035102,True,False,Research & Development,Low
55,0,1091,2,1,1,1096,4,65,3,3,2,10976,15813,3,18,3,2,80,1,23,4,3,3,2,1,2,True,False,True,False,True,False,False,False,False,True,False,False,False,True,False,False,False,False,True,False,False,0.0051826120998698,True,False,Research & Development,Low
28,0,857,10,3,1,1097,3,59,3,2,3,3660,7909,3,13,3,4,80,0,10,4,4,8,7,1,7,False,True,True,False,False,False,False,True,False,False,False,False,False,False,False,True,False,False,False,True,False,0.0076904635153688,True,False,Research & Development,Low
44,1,1376,1,2,1,1098,2,91,2,3,1,10482,2326,9,14,3,4,80,1,24,1,3,20,6,3,6,False,True,False,False,False,False,True,False,False,True,True,False,False,False,False,False,False,False,True,False,False,0.3217659246388509,False,True,Other,Medium
33,0,654,5,3,1,1099,4,34,2,3,4,7119,21214,4,15,3,3,80,1,9,2,3,3,2,1,2,False,True,True,False,True,False,False,False,False,True,False,False,False,False,False,False,False,False,False,False,False,0.0046692864575154,True,False,Research & Development,Low
35,1,1204,4,3,1,1100,4,86,3,3,1,9582,10333,0,22,4,1,80,0,9,2,3,8,7,4,7,False,True,False,True,False,False,False,False,True,True,False,False,False,False,False,False,True,False,False,True,True,0.5465567021643185,False,True,Sales,Medium
33,1,827,29,4,1,1101,1,54,2,2,3,4508,3129,1,22,4,2,80,0,14,4,3,13,7,3,8,True,False,True,False,False,False,True,False,False,False,False,False,False,False,False,True,False,False,False,True,False,0.1788576197892932,True,False,Research & Development,Low
28,0,895,15,2,1,1102,1,50,3,1,3,2207,22482,1,16,3,4,80,1,4,5,2,4,2,2,2,False,True,True,False,True,False,False,False,False,True,False,True,False,False,False,False,False,False,False,False,False,0.1093695123753664,True,False,Research & Development,Low
34,0,618,3,1,1,1103,1,45,3,2,4,7756,22266,0,17,3,3,80,0,7,1,2,6,2,0,4,True,False,True,False,True,False,False,False,False,True,False,False,False,False,False,False,False,False,False,True,False,0.0666001833306033,True,False,Research & Development,Low
37,0,309,10,4,1,1105,4,88,2,2,4,6694,24223,2,14,3,3,80,3,8,5,3,1,0,0,0,False,True,False,True,True,False,False,False,False,False,False,False,False,False,False,False,True,False,False,False,True,0.0642751376328604,True,False,Sales,Low
25,1,1219,4,1,1,1106,4,32,3,1,4,3691,4605,1,15,3,2,80,1,7,3,4,7,7,5,6,False,True,True,False,False,False,False,False,True,True,False,True,False,False,False,False,False,False,True,False,True,0.1661093239768333,True,False,Research & Development,Low
26,1,1330,21,3,1,1107,1,37,3,1,3,2377,19373,1,20,4,3,80,1,1,0,2,1,1,0,0,False,True,True,False,False,False,True,False,False,True,False,True,False,False,False,False,False,False,False,False,False,0.2546702580243113,True,False,Research & Development,Low
33,1,1017,25,3,1,1108,1,55,2,1,2,2313,2993,4,20,4,2,80,0,5,0,3,2,2,2,2,False,True,True,False,False,False,True,False,False,True,False,False,False,False,False,True,False,False,False,True,True,0.922107006519913,False,False,Research & Development,High
42,0,469,2,2,1,1109,4,35,3,4,1,17665,14399,0,17,3,4,80,1,23,3,3,22,6,13,7,False,True,True,False,False,False,True,False,False,True,False,False,True,False,False,False,False,False,True,False,False,0.0273962225980707,True,False,Research & Development,Low
28,1,1009,1,3,1,1111,1,45,2,1,2,2596,7160,1,15,3,1,80,2,1,2,3,1,0,0,0,True,False,True,False,False,False,True,False,False,True,False,True,False,False,False,False,False,False,False,False,False,0.3696205633842794,False,True,Research & Development,Medium
50,1,959,1,4,1,1113,4,81,3,2,3,4728,17251,3,14,3,4,80,0,5,4,3,0,0,0,0,True,False,False,True,False,False,False,True,False,True,False,False,False,False,False,False,True,False,False,True,True,0.4324896571466634,False,True,Sales,Medium
33,0,970,7,3,1,1114,4,30,3,2,2,4302,13401,0,17,3,3,80,1,4,3,3,3,2,0,2,True,False,False,True,True,False,False,False,False,False,False,False,False,False,False,False,True,False,True,False,False,0.0224705597955601,True,False,Sales,Low
34,0,697,3,4,1,1115,3,40,2,1,4,2979,22478,3,17,3,4,80,3,6,2,3,0,0,0,0,False,False,True,False,True,False,False,False,False,True,False,False,False,False,False,True,False,False,True,False,False,0.0066475075840368,True,False,Research & Development,Low
48,0,1262,1,4,1,1116,1,35,4,4,4,16885,16154,2,22,4,3,80,0,27,3,2,5,4,2,1,False,False,True,False,False,False,True,False,False,True,False,False,True,False,False,False,False,False,False,True,False,0.002084446429646,True,False,Research & Development,Low
45,0,1050,9,4,1,1117,2,65,2,2,3,5593,17970,1,13,3,4,80,1,15,2,3,15,10,4,12,False,False,False,True,True,False,False,False,False,False,False,False,False,False,False,False,True,False,True,False,False,0.0026599895657598,True,False,Sales,Low
52,0,994,7,4,1,1118,2,87,3,3,2,10445,15322,7,19,3,4,80,0,18,4,3,8,6,4,0,False,True,True,False,True,False,False,False,False,True,False,False,False,False,False,False,False,False,False,True,False,0.0520249958315499,True,False,Research & Development,Low
38,0,770,10,4,1,1119,3,73,2,3,3,8740,5569,0,14,3,2,80,2,9,2,3,8,7,2,7,False,True,False,True,False,True,False,False,False,True,False,False,False,False,False,False,True,False,False,False,True,0.0878264348251574,True,False,Sales,Low
29,0,1107,28,4,1,1120,3,93,3,1,4,2514,26968,4,22,4,1,80,1,11,1,3,7,5,1,7,False,True,True,False,True,False,False,False,False,False,False,False,False,False,False,True,False,False,False,False,False,0.013792709800324,True,False,Research & Development,Low
28,0,950,3,3,1,1121,4,93,3,3,2,7655,8039,0,17,3,2,80,3,10,3,2,9,7,1,7,False,True,True,False,False,False,True,False,False,False,False,False,False,True,False,False,False,False,False,False,False,0.0011240869386036,True,False,Research & Development,Low
46,0,406,3,1,1,1124,1,52,3,4,3,17465,15596,3,12,3,4,80,1,23,3,3,12,9,4,9,False,True,False,True,False,True,False,False,False,True,False,False,True,False,False,False,False,False,True,False,False,0.0054171487129075,True,False,Sales,Low
38,0,130,2,2,1,1125,4,32,3,3,2,7351,20619,7,16,3,3,80,0,10,2,3,1,0,0,0,False,True,False,True,False,True,False,False,False,True,False,False,False,False,False,False,True,False,False,True,False,0.240163305432101,True,False,Sales,Low
43,0,1082,27,3,1,1126,3,83,3,3,1,10820,11535,8,11,3,3,80,1,18,1,3,8,7,0,1,True,False,True,False,True,False,False,False,False,False,False,False,False,True,False,False,False,False,True,False,False,0.1087640719171172,True,False,Research & Development,Low
39,1,203,2,3,1,1127,1,84,3,4,4,12169,13547,7,11,3,4,80,3,21,4,3,18,7,11,5,True,False,True,False,True,False,False,False,False,True,False,False,False,False,False,False,False,False,False,False,False,0.0537024443451587,True,False,Research & Development,Low
40,0,1308,14,3,1,1128,3,44,2,5,3,19626,17544,1,14,3,1,80,0,21,2,4,20,7,4,9,False,True,True,False,False,False,True,False,False,True,False,False,False,False,True,False,False,False,False,True,False,0.009142290657356,True,False,Research & Development,Low
21,0,984,1,1,1,1131,4,70,2,1,2,2070,25326,1,11,3,3,80,0,2,6,4,2,2,2,2,False,True,True,False,False,False,False,False,True,False,False,False,False,False,False,True,False,False,False,True,True,0.4243275488237541,False,True,Research & Development,Medium
39,0,439,9,3,1,1132,3,70,3,2,2,6782,8770,9,15,3,3,80,0,9,2,2,5,4,0,3,False,False,True,False,True,False,False,False,False,True,False,True,False,False,False,False,False,False,False,True,False,0.2702904615772498,True,False,Research & Development,Low
36,0,217,18,4,1,1133,1,78,3,2,4,7779,23238,2,20,4,1,80,0,18,0,3,11,9,0,9,False,False,True,False,True,False,False,False,False,True,False,False,False,True,False,False,False,False,False,True,False,0.0108332866071304,True,False,Research & Development,Low
31,0,793,20,3,1,1135,3,67,4,1,4,2791,21981,0,12,3,1,80,1,3,4,3,2,2,2,2,True,False,False,True,True,False,False,False,False,True,False,False,False,False,False,False,False,True,True,False,False,0.1556527488535174,True,False,Sales,Low
28,0,1451,2,1,1,1136,1,67,2,1,2,3201,19911,0,17,3,1,80,0,6,2,1,5,3,0,4,False,True,True,False,True,False,False,False,False,True,False,False,False,False,False,True,False,False,True,False,False,0.1126082151146569,True,False,Research & Development,Low
35,0,1182,11,2,1,1137,4,54,3,2,4,4968,18500,1,11,3,4,80,1,5,3,3,5,2,0,2,True,False,False,True,False,True,False,False,False,True,False,False,False,False,False,False,True,False,False,False,False,0.0210792479882027,True,False,Sales,Low
49,0,174,8,4,1,1138,4,56,2,4,2,13120,11879,6,17,3,2,80,1,22,3,3,9,8,2,3,False,True,False,True,False,False,False,False,True,True,False,False,False,False,False,False,True,False,True,False,False,0.0789114112155005,True,False,Sales,Low
34,0,1003,2,2,1,1140,4,95,3,2,3,4033,15834,2,11,3,4,80,0,5,3,2,3,2,0,2,True,False,True,False,True,False,False,False,False,True,False,False,False,True,False,False,False,False,False,True,False,0.0478515276897832,True,False,Research & Development,Low
29,0,490,10,3,1,1143,4,61,3,1,2,3291,17940,0,14,3,4,80,2,8,2,2,7,5,1,1,True,False,True,False,True,False,False,False,False,False,False,False,False,False,False,True,False,False,False,False,False,0.0190638402811943,True,False,Research & Development,Low
42,0,188,29,3,1,1148,2,56,1,2,4,4272,9558,4,19,3,1,80,0,16,3,3,1,0,0,0,False,True,True,False,False,False,True,False,False,True,False,True,False,False,False,False,False,False,False,True,False,0.5591380211496636,False,True,Research & Development,Medium
29,0,718,8,1,1,1150,2,79,2,2,4,5056,17689,1,15,3,3,80,1,10,2,2,10,7,1,2,False,True,True,False,False,False,True,False,False,True,False,False,False,True,False,False,False,False,True,False,True,0.1542719080589449,True,False,Research & Development,Low
38,0,433,1,3,1,1152,3,37,4,1,3,2844,6004,1,13,3,4,80,1,7,2,4,7,6,5,0,False,True,False,False,False,False,False,False,False,True,True,False,False,False,False,False,False,False,True,False,False,0.0313102192965525,True,False,Other,Low
28,0,773,6,3,1,1154,3,39,2,1,3,2703,22088,1,14,3,4,80,1,3,2,3,3,1,0,2,True,False,True,False,True,False,False,False,False,True,False,False,False,False,False,True,False,False,False,False,True,0.3097932066969414,False,True,Research & Development,Medium
18,1,247,8,1,1,1156,3,80,3,1,3,1904,13556,1,12,3,4,80,0,0,0,3,0,0,0,0,False,False,True,False,False,False,True,False,False,True,False,True,False,False,False,False,False,False,False,True,False,0.1638456767927898,True,False,Research & Development,Low
33,1,603,9,4,1,1157,1,77,3,2,1,8224,18385,0,17,3,1,80,0,6,3,3,5,2,0,3,False,True,False,True,False,True,False,False,False,False,False,False,False,False,False,False,True,False,False,True,True,0.7961529330475924,False,False,Sales,High
41,0,167,12,4,1,1158,2,46,3,1,4,4766,9051,3,11,3,1,80,1,6,4,3,1,0,0,0,False,True,True,False,True,False,False,False,False,True,False,True,False,False,False,False,False,False,True,False,True,0.5255646082019573,False,True,Research & Development,Medium
31,1,874,15,3,1,1160,3,72,3,1,3,2610,6233,1,12,3,3,80,1,2,5,2,2,2,2,2,True,False,True,False,False,False,True,False,False,True,False,True,False,False,False,False,False,False,True,False,False,0.1670320750614608,True,False,Research & Development,Low
37,0,367,25,2,1,1161,3,52,2,2,4,5731,17171,7,13,3,3,80,2,9,2,3,6,2,1,3,False,True,True,False,False,False,True,False,False,False,False,False,False,False,False,False,False,False,False,False,False,0.0182527110738427,True,False,Research & Development,Low
27,0,199,6,3,1,1162,4,55,2,1,3,2539,7950,1,13,3,3,80,1,4,0,3,4,2,2,2,False,True,True,False,True,False,False,False,False,True,False,False,False,False,False,True,False,False,True,False,False,0.0457578660943351,True,False,Research & Development,Low
34,0,1400,9,1,1,1163,2,70,3,2,3,5714,5829,1,20,4,1,80,0,6,3,2,6,5,1,3,False,True,False,True,True,False,False,False,False,False,False,False,False,False,False,False,True,False,True,False,False,0.0232577519960624,True,False,Sales,Low
35,0,528,8,4,1,1164,3,100,3,1,3,4323,7108,1,17,3,2,80,0,6,2,1,5,4,1,4,False,True,False,False,False,False,False,False,True,True,True,False,False,False,False,False,False,False,False,True,False,0.408831999585148,False,True,Other,Medium
29,1,408,23,1,1,1165,4,45,2,3,1,7336,11162,1,13,3,1,80,1,11,3,1,11,8,3,10,False,True,False,True,True,False,False,False,False,False,False,False,False,False,False,False,True,False,True,False,False,0.0585125078882966,True,False,Sales,Low
40,0,593,9,4,1,1166,2,88,3,3,3,13499,13782,9,17,3,3,80,0,20,3,2,18,7,2,13,True,False,True,False,False,False,True,False,False,False,False,False,False,False,True,False,False,False,False,True,False,0.0283357548816317,True,False,Research & Development,Low
42,1,481,12,3,1,1167,3,44,3,4,1,13758,2447,0,12,3,2,80,0,22,2,2,21,9,13,14,True,False,False,True,True,False,False,False,False,True,False,False,False,False,False,False,True,False,False,True,True,0.8645167099591746,False,False,Sales,High
42,0,647,4,4,1,1171,2,45,3,2,1,5155,2253,7,13,3,4,80,0,9,3,4,6,4,1,5,False,True,False,True,False,True,False,False,False,True,False,False,False,False,False,False,True,False,False,True,False,0.1832980852782632,True,False,Sales,Low
35,0,982,1,4,1,1172,4,58,2,1,3,2258,16340,6,12,3,2,80,1,10,2,3,8,0,1,7,False,True,True,False,False,False,True,False,False,True,False,True,False,False,False,False,False,False,True,False,False,0.1312383766531561,True,False,Research & Development,Low
24,0,477,24,3,1,1173,4,49,3,1,2,3597,6409,8,22,4,4,80,0,6,2,3,4,3,1,2,False,True,True,False,False,False,True,False,False,True,False,True,False,False,False,False,False,False,False,True,False,0.5456877094448654,False,True,Research & Development,Medium
28,1,1485,12,1,1,1175,3,79,3,1,4,2515,22955,1,11,3,4,80,0,1,4,2,1,1,0,0,False,True,True,False,True,False,False,False,False,False,False,True,False,False,False,False,False,False,True,False,True,0.2652600641558552,True,False,Research & Development,Low
26,0,1384,3,4,1,1177,1,82,4,1,4,4420,13421,1,22,4,2,80,1,8,2,3,8,7,0,7,False,True,True,False,False,False,True,False,False,True,False,True,False,False,False,False,False,False,True,False,False,0.0130127192670013,True,False,Research & Development,Low
30,0,852,10,3,1,1179,3,72,2,2,3,6578,2706,1,18,3,1,80,1,10,3,3,10,3,1,4,False,True,False,True,False,True,False,False,False,True,False,False,False,False,False,False,True,False,True,False,False,0.0756237835931798,True,False,Sales,Low
40,0,902,26,2,1,1180,3,92,2,2,4,4422,21203,3,13,3,4,80,1,16,3,1,1,1,0,0,True,False,True,False,False,False,True,False,False,False,False,False,False,False,False,True,False,False,True,False,True,0.3872238392264445,False,True,Research & Development,Medium
35,0,819,2,3,1,1182,3,44,2,3,2,10274,19588,2,18,3,2,80,1,15,2,4,7,7,6,4,False,True,True,False,True,False,False,False,False,True,False,False,False,True,False,False,False,False,False,False,False,0.0095424579210152,True,False,Research & Development,Low
34,0,669,1,3,1,1184,4,97,2,2,1,5343,25755,0,20,4,3,80,0,14,3,3,13,9,4,9,True,False,True,False,False,False,True,False,False,True,False,False,False,False,False,False,False,False,False,True,False,0.0236506404273278,True,False,Research & Development,Low
35,0,636,4,4,1,1185,4,47,2,1,4,2376,26537,1,13,3,2,80,1,2,2,4,2,2,2,2,True,False,True,False,False,False,False,True,False,True,False,True,False,False,False,False,False,False,True,False,False,0.1003189307478216,True,False,Research & Development,Low
43,1,1372,9,3,1,1188,1,85,1,2,3,5346,9489,8,13,3,2,80,0,7,2,2,4,3,1,3,False,True,False,True,False,True,False,False,False,False,False,False,False,False,False,False,True,False,False,True,False,0.6101876413595493,False,True,Sales,Medium
32,0,862,2,1,1,1190,3,76,3,1,1,2827,14947,1,12,3,3,80,3,1,3,3,1,0,0,0,False,False,False,True,True,False,False,False,False,False,False,False,False,False,False,False,False,True,False,False,False,0.0223018443945581,True,False,Sales,Low
56,0,718,4,4,1,1191,4,92,3,5,1,19943,18575,4,13,3,4,80,1,28,2,3,5,2,4,2,False,True,True,False,False,False,False,False,True,False,False,False,True,False,False,False,False,False,False,False,False,0.0085898423659626,True,False,Research & Development,Low
29,0,1401,6,1,1,1192,2,54,3,1,4,3131,26342,1,13,3,1,80,1,10,5,3,10,8,0,8,False,True,True,False,False,False,True,False,False,False,False,True,False,False,False,False,False,False,True,False,False,0.0061469506116019,True,False,Research & Development,Low
19,0,645,9,2,1,1193,3,54,3,1,1,2552,7172,1,25,4,3,80,0,1,4,3,1,1,0,0,False,True,True,False,True,False,False,False,False,True,False,False,False,False,False,True,False,False,False,True,False,0.1202672776972786,True,False,Research & Development,Low
45,0,1457,7,3,1,1195,1,83,3,1,3,4477,20100,4,19,3,3,80,1,7,2,2,3,2,0,2,False,True,True,False,False,False,True,False,False,False,False,False,False,False,False,True,False,False,True,False,True,0.234014985080171,True,False,Research & Development,Low
37,0,977,1,3,1,1196,4,56,2,2,4,6474,9961,1,13,3,2,80,1,14,2,2,14,8,3,11,False,True,True,False,True,False,False,False,False,False,False,False,False,True,False,False,False,False,True,False,False,0.001875569270752,True,False,Research & Development,Low
20,0,805,3,3,1,1198,1,87,2,1,3,3033,12828,1,12,3,1,80,0,2,2,2,2,2,1,2,False,True,True,False,True,False,False,False,False,True,False,True,False,False,False,False,False,False,False,True,False,0.6175656562809001,False,True,Research & Development,Medium
44,1,1097,10,4,1,1200,3,96,3,1,3,2936,10826,1,11,3,3,80,0,6,4,3,6,4,0,2,False,True,True,False,True,False,False,False,False,True,False,False,False,False,False,True,False,False,False,True,True,0.2017081249575419,True,False,Research & Development,Low
53,0,1223,7,2,1,1201,4,50,3,5,3,18606,18640,3,18,3,2,80,1,26,6,3,7,7,4,7,False,True,True,False,False,False,True,False,False,False,False,False,True,False,False,False,False,False,False,False,False,0.0001920423287084,True,False,Research & Development,Low
29,0,942,15,1,1,1202,2,69,1,1,4,2168,26933,0,18,3,1,80,1,6,2,2,5,4,1,3,False,True,True,False,True,False,False,False,False,False,False,False,False,False,False,True,False,False,True,False,True,0.3069154432601318,False,True,Research & Development,Medium
22,1,1256,3,4,1,1203,3,48,2,1,4,2853,4223,0,11,3,2,80,1,1,5,3,0,0,0,0,True,False,True,False,True,False,False,False,False,True,False,False,False,False,False,True,False,False,True,False,True,0.24844553533656,True,False,Research & Development,Low
46,0,1402,2,3,1,1204,3,69,3,4,1,17048,24097,8,23,4,1,80,0,28,2,3,26,15,15,9,False,True,False,True,False,True,False,False,False,False,False,False,True,False,False,False,False,False,True,False,False,0.1070364384306656,True,False,Sales,Low
44,0,111,17,3,1,1206,4,74,1,1,3,2290,4279,2,13,3,4,80,0,6,3,3,0,0,0,0,False,False,True,False,True,False,False,False,False,True,False,False,False,False,False,True,False,False,False,True,False,0.0436892577590501,True,False,Research & Development,Low
33,0,147,2,3,1,1207,2,99,3,1,3,3600,8429,1,13,3,4,80,1,5,2,3,5,4,1,4,False,True,False,False,False,False,False,False,False,True,True,False,False,False,False,False,False,False,True,False,False,0.0630952287980451,True,False,Other,Low
41,1,906,5,2,1,1210,1,95,2,1,1,2107,20293,6,17,3,1,80,1,5,2,1,1,0,0,0,False,False,True,False,True,False,False,False,False,True,False,False,False,False,False,True,False,False,False,False,False,0.2034687115187972,True,False,Research & Development,Low
30,0,1329,29,4,1,1211,3,61,3,2,1,4115,13192,8,19,3,3,80,3,8,3,3,4,3,0,3,False,True,False,True,True,False,False,False,False,True,False,False,False,False,False,False,True,False,False,False,False,0.1135880297448864,True,False,Sales,Low
40,0,1184,2,4,1,1212,2,62,3,2,2,4327,25440,5,12,3,4,80,3,5,2,3,0,0,0,0,True,False,False,True,False,False,True,False,False,True,False,False,False,False,False,False,True,False,True,False,False,0.1435746204764512,True,False,Sales,Low
50,0,1421,2,3,1,1215,4,30,3,4,1,17856,9490,2,22,4,3,80,1,32,3,3,2,2,2,2,True,False,True,False,False,False,True,False,False,False,False,False,True,False,False,False,False,False,True,False,False,0.0016842228140502,True,False,Research & Development,Low
28,0,1179,19,4,1,1216,4,78,2,1,1,3196,12449,1,12,3,3,80,3,6,2,3,6,5,3,3,False,True,True,False,False,False,True,False,False,True,False,True,False,False,False,False,False,False,True,False,False,0.1416538426907618,True,False,Research & Development,Low
46,0,1450,15,2,1,1217,4,52,3,5,2,19081,10849,5,11,3,1,80,1,25,2,3,4,2,0,3,False,True,True,False,True,False,False,False,False,True,False,False,False,False,True,False,False,False,True,False,False,0.0016583043284565,True,False,Research & Development,Low
35,0,1361,17,4,1,1218,3,94,3,2,1,8966,21026,3,15,3,4,80,3,15,2,3,7,7,1,7,False,True,False,True,True,False,False,False,False,True,False,False,False,False,False,False,True,False,True,False,True,0.1333336525338042,True,False,Sales,Low
24,1,984,17,2,1,1219,4,97,3,1,2,2210,3372,1,13,3,1,80,1,1,3,1,1,0,0,0,False,True,True,False,True,False,False,False,False,False,False,True,False,False,False,False,False,False,True,False,False,0.1802391016415724,True,False,Research & Development,Low
33,0,1146,25,3,1,1220,2,82,3,2,3,4539,4905,1,12,3,1,80,1,10,3,2,10,7,0,1,True,False,False,True,False,False,True,False,False,False,False,False,False,False,False,False,True,False,True,False,False,0.1131580321248434,True,False,Sales,Low
36,0,917,6,4,1,1221,3,60,1,1,3,2741,6865,1,14,3,3,80,1,7,4,3,7,7,1,7,False,True,True,False,True,False,False,False,False,True,False,True,False,False,False,False,False,False,False,False,False,0.0159620729637423,True,False,Research & Development,Low
30,0,853,7,4,1,1224,3,49,3,2,3,3491,11309,1,13,3,1,80,3,10,4,2,10,7,8,9,False,True,True,False,True,False,False,False,False,True,False,True,False,False,False,False,False,False,False,False,False,0.0274983070855511,True,False,Research & Development,Low
44,0,200,29,4,1,1225,4,32,3,2,4,4541,7744,1,25,4,2,80,0,20,3,3,20,11,13,17,False,True,True,False,False,False,False,True,False,True,False,False,False,False,False,True,False,False,False,True,False,0.0227135320339388,True,False,Research & Development,Low
20,0,654,21,3,1,1226,3,43,4,1,4,2678,5050,1,17,3,4,80,0,2,2,3,2,1,2,2,False,True,False,True,False,True,False,False,False,True,False,False,False,False,False,False,False,True,False,True,False,0.3045624124707498,False,True,Sales,Medium
46,0,150,2,4,1,1228,4,60,3,2,4,7379,17433,2,11,3,3,80,1,12,3,2,6,3,1,4,False,True,True,False,False,False,False,False,True,True,False,False,False,True,False,False,False,False,False,False,False,0.0081747553837262,True,False,Research & Development,Low
42,0,179,2,5,1,1231,4,79,4,2,1,6272,12858,7,16,3,1,80,1,10,3,4,4,3,0,3,False,False,False,False,False,False,True,False,False,True,True,False,False,False,False,False,False,False,True,False,False,0.020185964041316,True,False,Other,Low
60,0,696,7,4,1,1233,2,52,4,2,4,5220,10893,0,18,3,2,80,1,12,3,3,11,7,1,9,False,True,False,True,False,True,False,False,False,True,False,False,False,False,False,False,True,False,False,False,True,0.0132353657080565,True,False,Sales,Low
32,0,116,13,3,1,1234,3,77,2,1,2,2743,7331,1,20,4,3,80,1,2,2,3,2,2,2,2,True,False,True,False,False,False,False,True,False,False,False,True,False,False,False,False,False,False,True,False,False,0.2492033731651356,True,False,Research & Development,Low
32,0,1316,2,2,1,1235,4,38,3,2,3,4998,2338,4,14,3,4,80,0,10,2,3,8,7,0,7,True,False,True,False,True,False,False,False,False,False,False,False,False,False,False,True,False,False,False,True,True,0.0903702239326364,True,False,Research & Development,Low
36,0,363,1,3,1,1237,3,77,1,3,1,10252,4235,2,21,4,3,80,1,17,2,3,7,7,7,7,False,True,True,False,False,False,False,False,True,False,False,False,False,True,False,False,False,False,False,False,True,0.2010208932109741,True,False,Research & Development,Low
33,0,117,9,3,1,1238,1,60,3,1,4,2781,6311,0,13,3,2,80,1,15,5,3,14,10,4,10,False,True,True,False,False,False,True,False,False,True,False,False,False,False,False,True,False,False,True,False,False,0.0049633186353012,True,False,Research & Development,Low
40,0,107,10,3,1,1239,2,84,2,2,2,6852,11591,7,12,3,2,80,1,7,2,4,5,1,1,3,False,True,False,True,False,False,False,False,True,False,False,False,False,False,False,False,True,False,False,False,False,0.331191713054985,False,True,Sales,Medium
25,0,1356,10,4,1,1240,3,57,3,2,4,4950,20623,0,14,3,2,80,0,5,4,3,4,3,1,1,False,True,False,True,True,False,False,False,False,True,False,False,False,False,False,False,True,False,False,True,False,0.0595433450397225,True,False,Sales,Low
30,0,1465,1,3,1,1241,4,63,3,1,2,3579,9369,0,21,4,1,80,1,12,2,3,11,9,5,7,False,True,True,False,False,False,True,False,False,True,False,False,False,False,False,True,False,False,True,False,True,0.0465745837044208,True,False,Research & Development,Low
42,0,458,26,5,1,1242,1,60,3,3,1,13191,23281,3,17,3,3,80,0,20,6,3,1,0,0,0,True,False,True,False,False,False,True,False,False,False,False,False,False,False,True,False,False,False,True,False,True,0.1630277386558629,True,False,Research & Development,Low
35,0,1212,8,2,1,1243,3,78,2,3,4,10377,13755,4,11,3,2,80,1,16,6,2,13,2,4,12,False,False,False,True,False,True,False,False,False,False,False,False,False,False,False,False,True,False,True,False,True,0.0894387939269194,True,False,Sales,Low
27,0,1103,14,3,1,1244,1,42,3,1,1,2235,14377,1,14,3,4,80,2,9,3,2,9,7,6,8,False,True,True,False,True,False,False,False,False,True,False,False,False,False,False,True,False,False,True,False,True,0.3576554310534065,False,True,Research & Development,Medium
54,0,966,1,4,1,1245,4,53,3,3,3,10502,9659,7,17,3,1,80,1,33,2,1,5,4,1,4,True,False,True,False,True,False,False,False,False,False,False,False,False,True,False,False,False,False,False,False,False,0.0045196135341814,True,False,Research & Development,Low
44,0,1117,2,1,1,1246,1,72,4,1,4,2011,19982,1,13,3,4,80,1,10,5,3,10,5,7,7,False,True,True,False,True,False,False,False,False,False,False,False,False,False,False,True,False,False,True,False,False,0.0036951175249519,True,False,Research & Development,Low
19,1,504,10,3,1,1248,1,96,2,1,2,1859,6148,1,25,4,2,80,0,1,2,4,1,1,0,0,False,False,True,False,False,False,True,False,False,False,False,False,False,False,False,True,False,False,False,True,True,0.47670279781039,False,True,Research & Development,Medium
29,0,1010,1,3,1,1249,1,97,3,1,4,3760,5598,1,15,3,1,80,3,3,5,3,3,2,1,2,False,True,True,False,True,False,False,False,False,False,False,False,False,False,False,True,False,False,False,False,False,0.0056951914468595,True,False,Research & Development,Low
54,0,685,3,3,1,1250,4,85,3,4,4,17779,23474,3,14,3,1,80,0,36,2,3,10,9,0,9,False,True,True,False,True,False,False,False,False,True,False,False,False,False,True,False,False,False,True,False,False,6.601045058618874e-05,True,False,Research & Development,Low
31,0,1332,11,2,1,1251,3,80,3,2,1,6833,17089,1,12,3,4,80,0,6,2,2,6,5,0,1,False,True,True,False,False,False,True,False,False,True,False,False,False,False,False,False,False,False,True,False,True,0.1521224441529152,True,False,Research & Development,Low
31,0,1062,24,3,1,1252,3,96,2,2,1,6812,17198,1,19,3,2,80,0,10,2,3,10,9,1,8,False,True,True,False,False,False,True,False,False,False,False,False,False,False,False,False,False,False,False,True,False,0.0265523355425119,True,False,Research & Development,Low
59,0,326,3,3,1,1254,3,48,2,2,4,5171,16490,5,17,3,4,80,0,13,2,3,6,1,0,5,False,True,False,True,True,False,False,False,False,False,False,False,False,False,False,False,True,False,False,True,False,0.0323714972154509,True,False,Sales,Low
43,0,920,3,3,1,1255,3,96,1,5,4,19740,18625,3,14,3,2,80,1,25,2,3,8,7,0,7,False,True,True,False,True,False,False,False,False,True,False,False,False,False,True,False,False,False,True,False,False,0.0005805786975176,True,False,Research & Development,Low
49,0,1098,4,2,1,1256,1,85,2,5,3,18711,12124,2,13,3,3,80,1,23,2,4,1,0,0,0,False,True,True,False,False,False,True,False,False,True,False,False,True,False,False,False,False,False,True,False,False,0.0063714223390726,True,False,Research & Development,Low
36,0,469,3,3,1,1257,3,46,3,1,2,3692,9256,1,12,3,3,80,0,12,2,2,11,10,0,7,True,False,True,False,False,False,False,False,True,True,False,False,False,False,False,True,False,False,True,False,False,0.04327616288273,True,False,Research & Development,Low
48,0,969,2,2,1,1258,4,76,4,1,2,2559,16620,5,11,3,3,80,0,7,4,2,1,0,0,0,False,True,True,False,False,False,False,False,True,True,False,True,False,False,False,False,False,False,False,True,False,0.3035325084981142,False,True,Research & Development,Medium
27,0,1167,4,2,1,1259,1,76,3,1,3,2517,3208,1,11,3,2,80,3,5,2,3,5,3,0,3,False,True,True,False,True,False,False,False,False,True,False,False,False,False,False,True,False,False,False,False,False,0.0125560164252305,True,False,Research & Development,Low
29,0,1329,7,3,1,1260,3,82,3,2,4,6623,4204,1,11,3,2,80,2,6,2,3,6,0,1,0,False,True,True,False,True,False,False,False,False,True,False,False,False,False,False,False,False,False,False,False,True,0.0558611200487037,True,False,Research & Development,Low
48,0,715,1,3,1,1263,4,76,2,5,4,18265,8733,6,12,3,3,80,0,25,3,4,1,0,0,0,False,True,True,False,True,False,False,False,False,True,False,False,False,False,True,False,False,False,False,True,False,0.0020071237190966,True,False,Research & Development,Low
29,0,694,1,3,1,1264,4,87,2,4,4,16124,3423,3,14,3,2,80,2,9,2,2,7,7,1,7,False,True,True,False,True,False,False,False,False,False,False,False,False,False,True,False,False,False,False,False,False,0.000358533750966,True,False,Research & Development,Low
34,0,1320,20,3,1,1265,3,89,4,1,3,2585,21643,0,17,3,4,80,0,2,5,2,1,0,0,0,False,True,True,False,False,False,False,False,True,False,False,False,False,False,False,True,False,False,True,False,False,0.0367074736778853,True,False,Research & Development,Low
44,0,1099,5,3,1,1267,2,88,3,5,2,18213,8751,7,11,3,3,80,1,26,5,3,22,9,3,10,False,True,False,True,False,True,False,False,False,True,False,False,True,False,False,False,False,False,True,False,False,0.0192831222925605,True,False,Sales,Low
33,0,536,10,5,1,1268,4,82,4,3,3,8380,21708,0,14,3,4,80,2,10,3,3,9,8,0,8,False,True,False,True,False,True,False,False,False,True,False,False,False,False,False,False,True,False,False,False,True,0.0138173937830979,True,False,Sales,Low
19,0,265,25,3,1,1269,2,57,4,1,4,2994,21221,1,12,3,4,80,0,1,2,3,1,0,0,1,False,True,True,False,True,False,False,False,False,False,False,False,False,False,False,True,False,False,False,True,True,0.485777079380164,False,True,Research & Development,Medium
23,0,373,1,2,1,1270,4,47,3,1,3,1223,16901,1,22,4,4,80,1,1,2,3,1,0,0,1,False,True,True,False,True,False,False,False,False,True,False,False,False,False,False,True,False,False,True,False,False,0.0125627385780597,True,False,Research & Development,Low
25,1,599,24,1,1,1273,3,73,1,1,4,1118,8040,1,14,3,4,80,0,1,4,3,1,0,1,0,True,False,False,True,True,False,False,False,False,True,False,False,False,False,False,False,False,True,False,True,True,0.9597195773065236,False,False,Sales,High
26,0,583,4,2,1,1275,3,53,3,1,4,2875,9973,1,20,4,2,80,0,8,2,2,8,5,2,2,False,True,True,False,True,False,False,False,False,True,False,False,False,False,False,True,False,False,False,True,True,0.3247005531144618,False,True,Research & Development,Medium
45,1,1449,2,3,1,1277,1,94,1,5,2,18824,2493,2,16,3,1,80,0,26,2,3,24,10,1,11,False,True,False,True,False,True,False,False,False,False,False,False,True,False,False,False,False,False,False,True,True,0.3208249602639147,False,True,Sales,Medium
55,0,177,8,1,1,1278,4,37,2,4,2,13577,25592,1,15,3,4,80,1,34,3,3,33,9,15,0,False,False,True,False,False,False,True,False,False,True,False,False,False,False,False,False,False,False,False,False,True,0.1956176911393268,True,False,Research & Development,Low
21,1,251,10,2,1,1279,1,45,2,1,3,2625,25308,1,20,4,3,80,0,2,2,1,2,2,2,2,True,False,True,False,True,False,False,False,False,False,False,True,False,False,False,False,False,False,False,True,False,0.7874886100901076,False,False,Research & Development,High
46,0,168,4,2,1,1280,4,33,2,5,2,18789,9946,2,14,3,3,80,1,26,2,3,11,4,0,8,False,True,False,True,False,True,False,False,False,False,False,False,True,False,False,False,False,False,True,False,False,0.0031962784702917,True,False,Sales,Low
34,0,131,2,3,1,1281,3,86,3,2,1,4538,6039,0,12,3,4,80,0,4,3,3,3,2,0,2,False,True,False,True,False,True,False,False,False,False,False,False,False,False,False,False,True,False,False,True,True,0.4114416920317343,False,True,Sales,Medium
51,0,237,9,3,1,1282,4,83,3,5,2,19847,19196,4,24,4,1,80,1,31,5,2,29,10,11,10,True,False,False,True,True,False,False,False,False,True,False,False,True,False,False,False,False,False,False,False,True,0.3607434034514712,False,True,Sales,Medium
59,0,1429,18,4,1,1283,4,67,3,3,4,10512,20002,6,12,3,4,80,0,25,6,2,9,7,5,4,False,True,True,False,False,False,True,False,False,True,False,False,False,True,False,False,False,False,False,True,False,0.0102464042147359,True,False,Research & Development,Low
34,0,135,19,3,1,1285,3,46,3,2,2,4444,22534,4,13,3,3,80,2,15,2,4,11,8,5,10,True,False,True,False,False,False,True,False,False,False,False,True,False,False,False,False,False,False,False,False,False,0.0501287983584308,True,False,Research & Development,Low
28,0,791,1,4,1,1286,4,44,3,1,3,2154,6842,0,11,3,3,80,0,5,2,2,4,2,0,2,True,False,True,False,False,False,True,False,False,True,False,True,False,False,False,False,False,False,False,True,True,0.6970699679965621,False,True,Research & Development,Medium
44,0,1199,4,2,1,1288,3,92,4,5,1,19190,17477,1,14,3,4,80,2,26,4,2,25,9,14,13,False,True,True,False,True,False,False,False,False,True,False,False,True,False,False,False,False,False,False,False,False,0.0068009499474239,True,False,Research & Development,Low
34,0,648,11,3,1,1289,3,56,2,2,2,4490,21833,4,11,3,4,80,2,14,5,4,10,9,1,8,True,False,False,False,True,False,False,False,False,True,True,False,False,False,False,False,False,False,True,False,False,0.0284928627135092,True,False,Other,Low
35,0,735,6,1,1,1291,3,66,3,1,3,3506,6020,0,14,3,4,80,0,4,3,3,3,2,2,2,False,True,True,False,True,False,False,False,False,True,False,False,False,False,False,True,False,False,True,False,True,0.0967033301687609,True,False,Research & Development,Low
42,0,603,7,4,1,1292,2,78,4,2,2,2372,5628,6,16,3,4,80,0,18,2,3,1,0,0,0,False,True,True,False,False,False,True,False,False,False,False,False,False,False,False,True,False,False,True,False,True,0.1410915160464361,True,False,Research & Development,Low
43,0,531,4,4,1,1293,4,56,2,3,4,10231,20364,3,14,3,4,80,0,23,3,4,21,7,15,17,False,True,False,True,False,True,False,False,False,False,False,False,False,False,False,False,True,False,False,True,False,0.0517036228571207,True,False,Sales,Low
36,0,429,2,4,1,1294,3,53,3,2,2,5410,2323,9,11,3,4,80,0,18,2,3,16,14,5,12,False,True,True,False,True,False,False,False,False,False,False,False,False,True,False,False,False,False,False,True,True,0.1084126115849297,True,False,Research & Development,Low
44,1,621,15,3,1,1295,1,73,3,3,4,7978,14075,1,11,3,4,80,1,10,2,3,10,7,0,5,False,True,True,False,False,False,True,False,False,False,False,False,False,False,False,False,False,False,True,False,False,0.0024457637528688,True,False,Research & Development,Low
28,0,193,2,3,1,1296,4,52,2,1,4,3867,14222,1,12,3,2,80,1,2,2,3,2,2,2,2,True,False,True,False,True,False,False,False,False,True,False,True,False,False,False,False,False,False,True,False,True,0.5813097547158939,False,True,Research & Development,Medium
51,0,968,6,2,1,1297,2,40,2,1,3,2838,4257,0,14,3,2,80,0,8,6,2,7,0,7,7,True,False,True,False,False,False,True,False,False,False,False,True,False,False,False,False,False,False,False,True,False,0.336717539627141,False,True,Research & Development,Medium
30,0,879,9,2,1,1298,3,72,3,2,3,4695,12858,7,18,3,3,80,0,10,3,3,8,4,1,7,False,False,True,False,False,False,True,False,False,False,False,False,False,True,False,False,False,False,False,True,True,0.0989638919069238,True,False,Research & Development,Low
29,1,806,7,3,1,1299,2,39,3,1,3,3339,17285,3,13,3,1,80,2,10,2,3,7,7,7,7,False,True,True,False,False,False,False,False,True,False,False,True,False,False,False,False,False,False,False,False,True,0.5058727463741001,False,True,Research & Development,Medium
28,0,640,1,3,1,1301,4,84,3,1,1,2080,4732,2,11,3,2,80,0,5,2,2,3,2,1,2,False,True,True,False,False,False,False,False,True,True,False,False,False,False,False,True,False,False,False,True,False,0.3093317183251974,False,True,Research & Development,Medium
25,0,266,1,3,1,1303,4,40,3,1,2,2096,18830,1,18,3,4,80,0,2,3,2,2,2,2,1,False,True,True,False,False,False,True,False,False,False,False,False,False,False,False,True,False,False,False,True,False,0.057399349190157,True,False,Research & Development,Low
32,0,604,8,3,1,1304,3,56,4,2,4,6209,11693,1,15,3,3,80,2,10,4,4,10,7,0,8,False,True,False,True,False,False,True,False,False,True,False,False,False,False,False,False,True,False,True,False,False,0.0014806957228208,True,False,Sales,Low
45,0,364,25,3,1,1306,2,83,3,5,2,18061,13035,3,22,4,3,80,0,22,4,3,0,0,0,0,True,False,True,False,False,False,True,False,False,False,False,False,True,False,False,False,False,False,False,True,False,0.0604023515298003,True,False,Research & Development,Low
39,0,412,13,4,1,1307,3,94,2,4,2,17123,17334,6,13,3,4,80,2,21,4,3,19,9,15,2,False,True,True,False,False,False,True,False,False,False,False,False,True,False,False,False,False,False,False,False,True,0.5266869720218328,False,True,Research & Development,Medium
58,0,848,23,4,1,1308,1,88,3,1,3,2372,26076,1,12,3,4,80,2,2,3,3,2,2,2,2,False,True,True,False,True,False,False,False,False,True,False,False,False,False,False,True,False,False,False,False,False,0.0244288325311053,True,False,Research & Development,Low
32,1,1089,7,2,1,1309,4,79,3,2,3,4883,22845,1,18,3,1,80,1,10,3,3,10,4,1,1,False,True,True,False,True,False,False,False,False,True,False,True,False,False,False,False,False,False,True,False,False,0.0508928856676827,True,False,Research & Development,Low
39,1,360,23,3,1,1310,3,93,3,1,1,3904,22154,0,13,3,1,80,0,6,2,3,5,2,0,3,False,True,True,False,False,False,True,False,False,True,False,False,False,False,False,True,False,False,False,True,False,0.2366926915069631,True,False,Research & Development,Low
30,0,1138,6,3,1,1311,1,48,2,2,4,4627,23631,0,12,3,1,80,1,10,6,3,9,2,6,7,False,True,True,False,False,False,False,False,True,False,False,True,False,False,False,False,False,False,True,False,False,0.1928867328885936,True,False,Research & Development,Low
36,0,325,10,4,1,1312,4,63,3,3,3,7094,5747,3,12,3,1,80,0,10,0,3,7,7,1,7,False,True,True,False,False,False,False,False,True,False,False,False,False,False,False,False,False,False,True,False,False,0.0082033763797188,True,False,Research & Development,Low
46,0,991,1,2,1,1314,4,44,3,1,1,3423,22957,6,12,3,3,80,0,10,3,4,7,6,5,7,False,True,False,False,True,False,False,False,False,False,True,False,False,False,False,False,False,False,False,True,False,0.0627993845373997,True,False,Other,Low
28,0,1476,1,3,1,1315,3,55,1,2,4,6674,16392,0,11,3,1,80,3,10,6,3,9,8,7,5,False,False,True,False,True,False,False,False,False,False,False,True,False,False,False,False,False,False,True,False,False,0.0066508494960175,True,False,Research & Development,Low
50,0,1322,28,3,1,1317,4,43,3,4,1,16880,22422,4,11,3,2,80,0,25,2,3,3,2,1,2,False,True,True,False,True,False,False,False,False,False,False,False,False,False,True,False,False,False,True,False,True,0.0265412258400433,True,False,Research & Development,Low
40,1,299,25,4,1,1318,4,57,2,3,2,9094,17235,2,12,3,3,80,0,9,2,3,5,4,1,0,False,True,False,True,False,True,False,False,False,True,False,False,False,False,False,False,True,False,False,True,True,0.8204993842907463,False,False,Sales,High
52,1,1030,5,3,1,1319,2,64,3,3,2,8446,21534,9,19,3,3,80,0,10,2,2,8,7,7,7,False,True,False,True,True,False,False,False,False,True,False,False,False,False,False,False,True,False,False,True,True,0.8293948326569406,False,False,Sales,High
30,0,634,17,4,1,1321,2,95,3,3,1,11916,25927,1,23,4,4,80,2,9,2,3,9,1,0,8,False,True,True,False,False,False,True,False,False,False,False,False,True,False,False,False,False,False,True,False,True,0.1298579257006194,True,False,Research & Development,Low
39,0,524,18,2,1,1322,1,32,3,2,3,4534,13352,0,11,3,1,80,0,9,6,3,8,7,1,7,False,True,True,False,True,False,False,False,False,True,False,False,False,True,False,False,False,False,False,True,False,0.017998890803087,True,False,Research & Development,Low
31,0,587,2,4,1,1324,4,57,3,3,3,9852,8935,1,19,3,1,80,1,10,5,2,10,8,9,6,False,False,False,True,True,False,False,False,False,False,False,False,False,False,False,False,True,False,False,False,True,0.0346173867806393,True,False,Sales,Low
41,0,256,10,2,1,1329,3,40,1,2,2,6151,22074,1,13,3,1,80,0,19,4,3,19,2,11,9,False,False,False,True,False,False,True,False,False,True,False,False,False,False,False,False,True,False,False,True,False,0.447366003927867,False,True,Sales,Medium
31,1,1060,1,3,1,1331,4,54,3,1,2,2302,8319,1,11,3,1,80,0,3,2,4,3,2,2,2,True,False,False,True,True,False,False,False,False,False,False,False,False,False,False,False,False,True,False,True,True,0.7691074926347404,False,False,Sales,High
44,1,935,3,3,1,1333,1,89,3,1,1,2362,14669,4,12,3,3,80,0,10,4,4,3,2,1,2,False,True,True,False,True,False,False,False,False,True,False,True,False,False,False,False,False,False,True,False,False,0.1217089703505321,True,False,Research & Development,Low
42,0,495,2,1,1,1334,3,37,3,4,3,17861,26582,0,13,3,4,80,0,21,3,2,20,8,2,10,False,False,True,False,True,False,False,False,False,True,False,False,True,False,False,False,False,False,True,False,True,0.008595714799263,True,False,Research & Development,Low
55,0,282,2,2,1,1336,4,58,1,5,3,19187,6992,4,14,3,4,80,1,23,5,3,19,9,9,11,False,True,True,False,False,False,True,False,False,False,False,False,True,False,False,False,False,False,True,False,False,0.0030733665218735,True,False,Research & Development,Low
56,0,206,8,4,1,1338,4,99,3,5,2,19717,4022,6,14,3,1,80,0,36,4,3,7,3,7,7,False,True,False,False,True,False,False,False,False,True,False,False,True,False,False,False,False,False,False,True,False,0.0145363890576697,True,False,Other,Low
40,0,458,16,2,1,1340,3,74,3,1,3,3544,8532,9,16,3,2,80,1,6,0,3,4,2,0,0,False,False,True,False,True,False,False,False,False,True,False,False,False,False,False,True,False,False,False,False,False,0.0490542863394372,True,False,Research & Development,Low
34,0,943,9,3,1,1344,4,86,3,3,4,8500,5494,0,11,3,4,80,1,10,0,2,9,7,1,6,False,True,True,False,True,False,False,False,False,True,False,False,False,False,False,False,False,False,False,False,False,0.0009955007781442,True,False,Research & Development,Low
40,0,523,2,3,1,1346,3,98,3,2,4,4661,22455,1,13,3,3,80,0,9,4,3,9,8,8,8,False,True,True,False,True,False,False,False,False,True,False,False,False,False,False,True,False,False,False,True,False,0.0172016836627636,True,False,Research & Development,Low
41,0,1018,1,3,1,1349,3,66,3,2,1,4103,4297,0,17,3,4,80,1,10,2,3,9,3,1,7,True,False,False,True,False,True,False,False,False,False,False,False,False,False,False,False,True,False,False,False,False,0.0165824782361724,True,False,Sales,Low
35,0,482,4,4,1,1350,3,87,3,2,3,4249,2690,1,11,3,2,80,0,9,3,3,9,6,1,1,True,False,True,False,True,False,False,False,False,True,False,False,False,False,False,True,False,False,False,True,True,0.4621661921037259,False,True,Research & Development,Medium
51,0,770,5,3,1,1352,3,84,3,4,2,14026,17588,1,11,3,2,80,1,33,2,3,33,9,0,10,False,True,False,False,True,False,False,False,False,True,False,False,True,False,False,False,False,False,False,False,True,0.0221131835200585,True,False,Other,Low
38,0,1009,2,2,1,1355,2,31,3,2,1,6893,19461,3,15,3,4,80,1,11,3,3,7,7,1,7,False,True,False,True,True,False,False,False,False,False,False,False,False,False,False,False,True,False,False,False,False,0.0065335379484896,True,False,Sales,Low
34,0,507,15,2,1,1356,3,66,3,2,1,6125,23553,1,12,3,4,80,0,10,6,4,10,8,9,6,False,True,False,True,False,False,True,False,False,False,False,False,False,False,False,False,True,False,False,True,False,0.0760239661065268,True,False,Sales,Low
25,0,882,19,1,1,1358,4,67,3,1,4,3669,9075,3,11,3,3,80,3,7,6,2,3,2,1,2,False,True,True,False,False,False,True,False,False,True,False,True,False,False,False,False,False,False,True,False,False,0.0307978288994252,True,False,Research & Development,Low
58,1,601,7,4,1,1360,3,53,2,3,1,10008,12023,7,14,3,4,80,0,31,0,2,10,9,5,9,False,True,True,False,False,False,True,False,False,False,False,False,False,True,False,False,False,False,True,False,True,0.0938592209854155,True,False,Research & Development,Low
40,0,329,1,4,1,1361,2,88,3,1,2,2387,6762,3,22,4,3,80,1,7,3,3,4,2,0,3,False,True,True,False,True,False,False,False,False,True,False,True,False,False,False,False,False,False,True,False,False,0.0630725722634098,True,False,Research & Development,Low
36,0,607,7,3,1,1362,1,83,4,2,1,4639,2261,2,16,3,4,80,1,17,2,2,15,7,6,13,True,False,False,True,False,True,False,False,False,False,False,False,False,False,False,False,True,False,True,False,False,0.0748548729619405,True,False,Sales,Low
48,0,855,4,3,1,1363,4,54,3,3,4,7898,18706,1,11,3,3,80,0,11,2,3,10,9,0,8,False,True,True,False,True,False,False,False,False,True,False,False,False,True,False,False,False,False,False,True,False,0.001865786249102,True,False,Research & Development,Low
27,0,1291,11,3,1,1364,3,98,4,1,4,2534,6527,8,14,3,2,80,1,5,4,3,1,0,0,0,False,True,False,True,False,False,True,False,False,False,False,False,False,False,False,False,False,True,True,False,False,0.1148866830211217,True,False,Sales,Low
51,0,1405,11,2,1,1367,4,82,2,4,2,13142,24439,3,16,3,2,80,0,29,1,2,5,2,0,3,False,True,True,False,False,False,False,False,True,False,False,False,False,True,False,False,False,False,False,True,False,0.0538518734910754,True,False,Research & Development,Low
18,0,1124,1,3,1,1368,4,97,3,1,4,1611,19305,1,15,3,3,80,0,0,5,4,0,0,0,0,False,False,True,False,True,False,False,False,False,False,False,True,False,False,False,False,False,False,False,True,False,0.0138360504181761,True,False,Research & Development,Low
35,0,817,1,3,1,1369,4,60,2,2,4,5363,10846,0,12,3,2,80,1,10,0,3,9,7,0,0,False,True,True,False,False,False,True,False,False,False,False,True,False,False,False,False,False,False,True,False,False,0.016268143746523,True,False,Research & Development,Low
27,0,793,2,1,1,1371,4,43,1,2,4,5071,20392,3,20,4,2,80,0,8,3,3,6,2,0,0,True,False,False,True,True,False,False,False,False,True,False,False,False,False,False,False,True,False,False,True,False,0.2693668718022242,True,False,Sales,Low
55,1,267,13,4,1,1372,1,85,4,4,3,13695,9277,6,17,3,3,80,0,24,2,2,19,7,3,8,False,True,False,True,False,True,False,False,False,True,False,False,False,False,False,False,True,False,False,True,True,0.717613166681069,False,False,Sales,High
56,0,1369,23,3,1,1373,4,68,3,4,2,13402,18235,4,12,3,1,80,1,33,0,3,19,16,15,9,False,True,True,False,True,False,False,False,False,True,False,False,False,True,False,False,False,False,True,False,True,0.1252375128584201,True,False,Research & Development,Low
34,0,999,26,1,1,1374,1,92,2,1,3,2029,15891,1,20,4,3,80,3,5,2,3,5,4,0,0,False,False,True,False,False,False,False,False,True,False,False,False,False,False,False,True,False,False,False,False,False,0.0286333457772625,True,False,Research & Development,Low
40,0,1202,2,1,1,1375,2,89,4,2,3,6377,13888,5,20,4,2,80,3,15,0,3,12,11,11,8,False,True,True,False,False,False,True,False,False,False,False,False,False,False,False,False,False,False,False,False,False,0.0021611657031825,True,False,Research & Development,Low
34,0,285,29,3,1,1377,2,86,3,2,3,5429,17491,4,13,3,1,80,2,10,1,3,8,7,7,7,False,True,True,False,False,False,True,False,False,True,False,True,False,False,False,False,False,False,True,False,False,0.3100648564724342,False,True,Research & Development,Medium
31,1,703,2,3,1,1379,3,90,2,1,4,2785,11882,7,14,3,3,80,0,3,3,4,1,0,0,0,True,False,False,True,True,False,False,False,False,False,False,False,False,False,False,False,False,True,False,True,False,0.5384044959464925,False,True,Sales,Medium
35,1,662,18,4,1,1380,4,67,3,2,3,4614,23288,0,18,3,3,80,1,5,0,2,4,2,3,2,True,False,False,True,False,True,False,False,False,False,False,False,False,False,False,False,True,False,True,False,True,0.5930775103383361,False,True,Sales,Medium
38,0,693,7,3,1,1382,4,57,4,1,3,2610,15748,1,11,3,4,80,3,4,2,3,4,2,0,3,True,False,True,False,True,False,False,False,False,True,False,False,False,False,False,True,False,False,False,False,False,0.0056131683271154,True,False,Research & Development,Low
34,0,404,2,4,1,1383,3,98,3,2,4,6687,6163,1,11,3,4,80,0,14,2,4,14,11,4,11,False,True,True,False,False,False,False,False,True,False,False,False,False,False,False,False,False,False,False,True,False,0.0030059101513656,True,False,Research & Development,Low
28,0,736,26,3,1,1387,3,48,2,2,1,4724,24232,1,11,3,3,80,1,5,0,3,5,3,0,4,False,True,False,True,True,False,False,False,False,True,False,False,False,False,False,False,True,False,True,False,False,0.2221467794507518,True,False,Sales,Low
31,1,330,22,4,1,1389,4,98,3,2,3,6179,21057,1,15,3,4,80,2,10,3,2,10,2,6,7,False,True,True,False,False,False,True,False,False,True,False,False,False,True,False,False,False,False,True,False,True,0.254025362570104,True,False,Research & Development,Low
39,0,1498,21,4,1,1390,1,44,2,2,4,6120,3567,3,12,3,4,80,2,8,2,4,5,4,1,4,False,True,False,True,True,False,False,False,False,True,False,False,False,False,False,False,True,False,True,False,True,0.2201561456740951,True,False,Sales,Low
51,0,541,2,3,1,1391,2,52,3,3,2,10596,15395,2,11,3,2,80,0,14,5,3,4,2,3,2,True,False,False,True,False,True,False,False,False,True,False,False,False,False,False,False,True,False,True,False,False,0.1082342831543598,True,False,Sales,Low
41,0,1200,22,3,1,1392,4,75,3,2,4,5467,13953,3,14,3,1,80,2,12,4,2,6,2,3,3,True,False,True,False,True,False,False,False,False,False,False,False,False,False,False,True,False,False,False,False,True,0.161904536276646,True,False,Research & Development,Low
37,0,1439,4,1,1,1394,3,54,3,1,3,2996,5182,7,15,3,4,80,0,8,2,3,6,4,1,3,False,True,True,False,True,False,False,False,False,True,False,False,False,False,False,True,False,False,True,False,True,0.164806993266443,True,False,Research & Development,Low
33,0,1111,5,1,1,1395,2,61,3,2,4,9998,19293,6,13,3,1,80,0,8,2,4,5,4,1,2,True,False,False,True,True,False,False,False,False,True,False,False,False,False,False,False,True,False,True,False,False,0.1331650102719598,True,False,Sales,Low
32,0,499,2,1,1,1396,3,36,3,2,2,4078,20497,0,13,3,1,80,3,4,3,2,3,2,1,2,False,True,False,True,False,True,False,False,False,True,False,False,False,False,False,False,True,False,True,False,True,0.2807821859867077,True,False,Sales,Low
39,0,1485,25,2,1,1397,3,71,3,3,3,10920,3449,3,21,4,2,80,1,13,2,3,6,4,0,5,False,False,True,False,True,False,False,False,False,True,False,False,False,False,False,False,False,False,True,False,False,0.0018628110574414,True,False,Research & Development,Low
25,0,1372,18,1,1,1399,1,93,4,2,3,6232,12477,2,11,3,2,80,0,6,3,2,3,2,1,2,False,True,False,True,True,False,False,False,False,True,False,False,False,False,False,False,True,False,True,False,False,0.1142327031471921,True,False,Sales,Low
52,0,322,28,2,1,1401,4,59,4,4,3,13247,9731,2,11,3,2,80,1,24,3,2,5,3,0,2,True,False,True,False,False,False,True,False,False,False,False,False,False,True,False,False,False,False,True,False,True,0.0561067368132191,True,False,Research & Development,Low
43,0,930,6,3,1,1402,1,73,2,2,3,4081,20003,1,14,3,1,80,0,20,3,1,20,7,1,8,False,True,True,False,False,False,True,False,False,False,False,False,False,False,False,True,False,False,False,True,True,0.5064617069072592,False,True,Research & Development,Medium
27,0,205,10,3,1,1403,4,98,2,2,4,5769,7100,1,11,3,4,80,0,6,3,3,6,2,4,4,False,True,False,True,False,True,False,False,False,False,False,False,False,False,False,False,True,False,True,False,True,0.2689510911316594,True,False,Sales,Low
27,1,135,17,4,1,1405,4,51,3,1,3,2394,25681,1,13,3,4,80,0,8,2,3,8,2,7,7,False,True,True,False,True,False,False,False,False,False,False,False,False,False,False,True,False,False,False,True,True,0.4863722315017147,False,True,Research & Development,Medium
26,0,683,2,1,1,1407,1,36,2,1,4,3904,4050,0,12,3,4,80,0,5,2,3,4,3,1,1,False,True,True,False,False,False,True,False,False,True,False,False,False,False,False,True,False,False,False,True,False,0.0749026402264588,True,False,Research & Development,Low
42,0,1147,10,3,1,1408,3,31,3,4,1,16799,16616,0,14,3,3,80,1,21,5,3,20,7,0,9,False,True,False,False,False,False,False,False,False,False,False,False,True,False,False,False,False,False,True,False,False,0.0031670595994642,True,False,Other,Low
52,0,258,8,4,1,1409,3,54,3,1,1,2950,17363,9,13,3,3,80,0,12,2,1,5,4,0,4,False,True,True,False,False,False,False,True,False,False,False,True,False,False,False,False,False,False,True,False,False,0.2447829567153593,True,False,Research & Development,Low
37,0,1462,11,3,1,1411,1,94,3,1,3,3629,19106,4,18,3,1,80,0,8,6,3,3,2,0,2,False,True,True,False,False,False,True,False,False,False,False,True,False,False,False,False,False,False,False,True,False,0.1818041084989003,True,False,Research & Development,Low
35,0,200,18,2,1,1412,3,60,3,3,4,9362,19944,2,11,3,3,80,0,10,2,3,2,2,2,2,True,False,True,False,True,False,False,False,False,True,False,False,False,True,False,False,False,False,False,True,False,0.1015042276630426,True,False,Research & Development,Low
25,0,949,1,3,1,1415,1,81,3,1,4,3229,4910,4,11,3,2,80,1,7,2,2,3,2,0,2,False,True,True,False,False,False,False,False,True,True,False,True,False,False,False,False,False,False,True,False,False,0.3190725093835333,False,True,Research & Development,Medium
26,0,652,7,3,1,1417,3,100,4,1,1,3578,23577,0,12,3,4,80,0,8,2,3,7,7,0,7,False,True,True,False,False,False,False,True,False,True,False,True,False,False,False,False,False,False,False,True,False,0.0614087226427449,True,False,Research & Development,Low
29,0,332,17,3,1,1419,2,51,2,3,1,7988,9769,1,13,3,1,80,0,10,3,2,10,9,0,9,False,True,False,False,False,False,False,True,False,True,True,False,False,False,False,False,False,False,False,True,False,0.2666721250862326,True,False,Other,Low
49,1,1475,28,2,1,1420,1,97,2,2,1,4284,22710,3,20,4,1,80,0,20,2,3,4,3,1,3,True,False,True,False,True,False,False,False,False,True,False,True,False,False,False,False,False,False,False,True,False,0.7103385112619859,False,False,Research & Development,High
29,1,337,14,1,1,1421,3,84,3,3,4,7553,22930,0,12,3,1,80,0,9,1,3,8,7,7,7,True,False,True,False,False,False,False,True,False,False,False,False,False,False,False,False,False,False,False,True,True,0.2580186544189847,True,False,Research & Development,Low
54,0,971,1,3,1,1422,4,54,3,4,4,17328,5652,6,19,3,4,80,0,29,3,2,20,7,12,7,False,True,True,False,False,False,True,False,False,False,False,False,False,False,True,False,False,False,False,True,False,0.0051146691082696,True,False,Research & Development,Low
58,0,1055,1,3,1,1423,4,76,3,5,1,19701,22456,3,21,4,3,80,1,32,3,3,9,8,1,5,False,True,True,False,False,False,True,False,False,False,False,False,False,False,True,False,False,False,True,False,True,0.0009693100685952,True,False,Research & Development,Low
55,0,1136,1,4,1,1424,2,81,4,4,4,14732,12414,2,13,3,4,80,2,31,4,4,7,7,0,0,False,True,True,False,False,False,True,False,False,True,False,False,False,False,True,False,False,False,False,False,False,2.858536644839348e-05,True,False,Research & Development,Low
36,0,1174,3,4,1,1425,1,99,3,2,2,9278,20763,3,16,3,4,80,0,15,3,3,5,4,0,1,False,True,False,True,False,True,False,False,False,False,False,False,False,False,False,False,True,False,False,True,True,0.5186539038073065,False,True,Sales,Medium
31,1,667,1,4,1,1427,2,50,1,1,3,1359,16154,1,12,3,2,80,0,1,3,3,1,0,0,0,True,False,False,True,True,False,False,False,False,False,False,False,False,False,False,False,False,True,False,True,False,0.6953448938824928,False,True,Sales,Medium
30,0,855,7,4,1,1428,4,73,3,2,1,4779,12761,7,14,3,2,80,2,8,3,3,3,2,0,2,False,True,False,True,False,True,False,False,False,False,False,False,False,False,False,False,True,False,False,False,False,0.0508243191367344,True,False,Sales,Low
31,0,182,8,5,1,1430,1,93,3,4,2,16422,8847,3,11,3,3,80,0,9,3,4,3,2,1,0,False,True,True,False,True,False,False,False,False,False,False,False,False,False,True,False,False,False,False,True,False,0.0229353058877563,True,False,Research & Development,Low
34,0,560,1,4,1,1431,4,91,3,1,1,2996,20284,5,14,3,3,80,2,10,2,3,4,3,1,3,True,False,True,False,False,False,False,True,False,True,False,False,False,False,False,True,False,False,False,False,False,0.0479240088368186,True,False,Research & Development,Low
31,1,202,8,3,1,1433,1,34,2,1,2,1261,22262,1,12,3,3,80,0,1,3,4,1,0,0,0,False,True,True,False,True,False,False,False,False,False,False,False,False,False,False,True,False,False,False,True,False,0.1910058549460726,True,False,Research & Development,Low
27,0,1377,11,1,1,1434,2,91,3,1,1,2099,7679,0,14,3,2,80,0,6,3,4,5,0,1,4,False,True,True,False,True,False,False,False,False,True,False,True,False,False,False,False,False,False,True,False,False,0.1299544882634101,True,False,Research & Development,Low
36,0,172,4,4,1,1435,1,37,2,2,4,5810,22604,1,16,3,3,80,0,10,2,2,10,4,1,8,False,True,True,False,True,False,False,False,False,True,False,True,False,False,False,False,False,False,False,True,False,0.2404488476195128,True,False,Research & Development,Low
36,0,329,16,4,1,1436,3,98,2,2,1,5647,13494,4,13,3,1,80,2,11,3,2,3,2,0,2,False,True,False,True,False,True,False,False,False,False,False,False,False,False,False,False,True,False,True,False,False,0.1934734937846212,True,False,Sales,Low
47,0,465,1,3,1,1438,1,74,3,1,4,3420,10205,7,12,3,3,80,1,17,2,2,6,5,1,2,False,True,True,False,False,False,False,False,True,True,False,False,False,False,False,True,False,False,True,False,False,0.0810258216761254,True,False,Research & Development,Low
25,1,383,9,2,1,1439,1,68,2,1,1,4400,15182,3,12,3,1,80,0,6,2,3,3,2,2,2,False,True,False,True,True,False,False,False,False,True,False,False,False,False,False,False,False,True,True,False,False,0.7554194623215388,False,False,Sales,High
37,0,1413,5,2,1,1440,3,84,4,1,3,3500,25470,0,14,3,1,80,0,7,2,1,6,5,1,3,False,False,True,False,False,False,False,False,True,True,False,True,False,False,False,False,False,False,False,True,False,0.1208777683246315,True,False,Research & Development,Low
56,0,1255,1,2,1,1441,1,90,3,1,1,2066,10494,2,22,4,4,80,1,5,3,4,3,2,1,0,False,True,True,False,True,False,False,False,False,False,False,False,False,False,False,True,False,False,True,False,False,0.0119517954423271,True,False,Research & Development,Low
47,0,359,2,4,1,1443,1,82,3,4,3,17169,26703,3,19,3,2,80,2,26,2,4,20,17,5,6,False,True,True,False,False,False,True,False,False,False,False,False,False,False,True,False,False,False,True,False,False,0.0004329776571298,True,False,Research & Development,Low
24,0,1476,4,1,1,1445,4,42,3,2,3,4162,15211,1,12,3,3,80,2,5,3,3,5,4,0,3,False,True,False,True,False,False,True,False,False,False,False,False,False,False,False,False,True,False,True,False,True,0.0384490220258419,True,False,Sales,Low
32,0,601,7,5,1,1446,4,97,3,2,4,9204,23343,4,12,3,3,80,1,7,3,2,4,3,0,3,False,True,False,True,False,True,False,False,False,True,False,False,False,False,False,False,True,False,True,False,False,0.0433057345053306,True,False,Sales,Low
34,0,401,1,3,1,1447,4,86,2,1,2,3294,3708,5,17,3,1,80,1,7,2,2,5,4,0,2,False,True,True,False,True,False,False,False,False,False,False,True,False,False,False,False,False,False,True,False,False,0.1110547298878246,True,False,Research & Development,Low
41,0,1283,5,5,1,1448,2,90,4,1,3,2127,5561,2,12,3,1,80,0,7,5,2,4,2,0,3,False,True,True,False,False,False,True,False,False,True,False,False,False,False,False,True,False,False,True,False,True,0.1227077976856304,True,False,Research & Development,Low
40,0,663,9,4,1,1449,3,81,3,2,3,3975,23099,3,11,3,3,80,2,11,2,4,8,7,0,7,False,False,True,False,False,False,False,True,False,True,False,True,False,False,False,False,False,False,False,False,False,0.0030592970165613,True,False,Research & Development,Low
31,0,326,8,2,1,1453,1,31,3,3,4,10793,8386,1,18,3,1,80,1,13,5,3,13,7,9,9,False,True,False,True,True,False,False,False,False,True,False,False,False,False,False,False,True,False,False,False,False,0.0275152976170062,True,False,Sales,Low
46,1,377,9,3,1,1457,1,52,3,3,4,10096,15986,4,11,3,1,80,1,28,1,4,7,7,4,3,False,True,False,True,False,True,False,False,False,True,False,False,False,False,False,False,True,False,False,False,False,0.0170238071730688,True,False,Sales,Low
39,1,592,2,3,1,1458,1,54,2,1,1,3646,17181,2,23,4,2,80,0,11,2,4,1,0,0,0,False,False,True,False,True,False,False,False,False,False,False,True,False,False,False,False,False,False,False,True,True,0.6004323179407345,False,True,Research & Development,Medium
31,1,1445,1,5,1,1459,3,100,4,3,2,7446,8931,1,11,3,1,80,0,10,2,3,10,8,4,7,True,False,True,False,True,False,False,False,False,False,False,False,False,True,False,False,False,False,False,True,False,0.025551908827534,True,False,Research & Development,Low
45,0,1038,20,3,1,1460,2,95,1,3,1,10851,19863,2,18,3,2,80,1,24,2,3,7,7,0,7,False,True,True,False,False,False,True,False,False,True,False,False,False,False,False,False,False,False,False,False,True,0.0582579993125576,True,False,Research & Development,Low
31,0,1398,8,2,1,1461,4,96,4,1,2,2109,24609,9,18,3,4,80,0,8,3,3,3,2,0,2,False,True,False,False,False,False,True,False,False,False,True,False,False,False,False,False,False,False,False,True,False,0.1250327033225766,True,False,Other,Low
31,1,523,2,3,1,1464,2,94,3,1,4,3722,21081,6,13,3,3,80,1,7,2,1,2,2,2,2,True,False,True,False,True,False,False,False,False,True,False,True,False,False,False,False,False,False,True,False,True,0.8648601051373869,False,False,Research & Development,High
45,0,1448,29,3,1,1465,2,55,3,3,4,9380,14720,4,18,3,4,80,2,10,4,4,3,1,1,2,False,True,True,False,False,False,False,False,True,True,False,False,False,True,False,False,False,False,True,False,True,0.2006381031164553,True,False,Research & Development,Low
48,0,1221,7,3,1,1466,3,96,3,2,1,5486,24795,4,11,3,1,80,3,15,3,3,2,2,2,2,False,True,False,True,False,True,False,False,False,True,False,False,False,False,False,False,True,False,False,False,False,0.0348842563748505,True,False,Sales,Low
34,1,1107,9,4,1,1467,1,52,3,1,3,2742,3072,1,15,3,4,80,0,2,0,3,2,2,2,2,False,True,False,False,False,False,False,False,True,False,True,False,False,False,False,False,False,False,True,False,False,0.2037696707591526,True,False,Other,Low
40,0,218,8,1,1,1468,4,55,2,3,2,13757,25178,2,11,3,3,80,1,16,5,3,9,8,4,8,False,False,True,False,False,False,True,False,False,True,False,False,False,False,True,False,False,False,False,False,False,0.0002296266203541,True,False,Research & Development,Low
28,0,866,5,3,1,1469,4,84,3,2,1,8463,23490,0,18,3,4,80,0,6,4,3,5,4,1,3,False,True,False,True,False,False,True,False,False,True,False,False,False,False,False,False,True,False,False,True,False,0.0632203457320759,True,False,Sales,Low
44,0,981,5,3,1,1471,3,90,2,1,3,3162,7973,3,14,3,4,80,0,7,5,3,5,2,0,3,False,False,True,False,True,False,False,False,False,True,False,True,False,False,False,False,False,False,False,True,False,0.0411196916854587,True,False,Research & Development,Low
53,0,447,2,3,1,1472,4,39,4,4,2,16598,19764,4,12,3,2,80,0,35,2,2,9,8,8,8,False,True,True,False,False,False,True,False,False,True,False,False,False,False,True,False,False,False,False,True,False,0.0014978063395059,True,False,Research & Development,Low
49,0,1495,5,4,1,1473,1,96,3,2,3,6651,21534,2,14,3,2,80,1,20,0,2,3,2,1,2,False,True,True,False,False,False,False,False,True,True,False,False,False,False,False,False,False,False,True,False,False,0.0308033378339384,True,False,Research & Development,Low
40,0,896,2,3,1,1474,3,68,3,1,3,2345,8045,2,14,3,3,80,1,8,3,4,3,1,1,2,False,True,True,False,False,False,True,False,False,True,False,False,False,False,False,True,False,False,False,False,False,0.005284901040307,True,False,Research & Development,Low
44,0,1467,20,3,1,1475,4,49,3,1,2,3420,21158,1,13,3,3,80,0,6,3,2,5,2,1,3,False,True,True,False,True,False,False,False,False,True,False,False,False,False,False,True,False,False,False,True,False,0.0804522865388447,True,False,Research & Development,Low
33,0,430,7,3,1,1477,4,54,3,2,1,4373,17456,0,14,3,1,80,2,5,2,3,4,3,0,3,True,False,False,True,False,False,True,False,False,True,False,False,False,False,False,False,True,False,True,False,False,0.0694906143047537,True,False,Sales,Low
34,0,1326,3,3,1,1478,4,81,1,2,1,4759,15891,3,18,3,4,80,0,15,2,3,13,9,3,12,False,True,False,True,False,False,False,True,False,True,False,False,False,False,False,False,True,False,False,True,False,0.055739201915689,True,False,Sales,Low
30,0,1358,16,1,1,1479,4,96,3,2,3,5301,2939,8,15,3,3,80,2,4,2,2,2,1,2,2,False,True,False,True,True,False,False,False,False,True,False,False,False,False,False,False,True,False,True,False,False,0.1202263616706206,True,False,Sales,Low
42,0,748,9,2,1,1480,1,74,3,1,4,3673,16458,1,13,3,3,80,0,12,3,3,12,9,5,8,True,False,True,False,False,False,True,False,False,False,False,True,False,False,False,False,False,False,False,True,False,0.111075927605879,True,False,Research & Development,Low
44,0,383,1,5,1,1481,1,79,3,2,3,4768,9282,7,12,3,3,80,1,11,4,2,1,0,0,0,True,False,False,True,False,True,False,False,False,False,False,False,False,False,False,False,True,False,True,False,False,0.2167991049015651,True,False,Sales,Low
30,0,990,7,3,1,1482,3,64,3,1,3,1274,7152,1,13,3,2,80,2,1,2,2,1,0,0,0,False,False,True,False,False,False,False,False,True,True,False,False,False,False,False,True,False,False,False,False,False,0.0250566820232011,True,False,Research & Development,Low
57,0,405,1,2,1,1483,2,93,4,2,3,4900,2721,0,24,4,1,80,1,13,2,2,12,9,2,8,False,True,True,False,True,False,False,False,False,True,False,False,False,False,False,True,False,False,True,False,False,0.0020909344382602,True,False,Research & Development,Low
49,0,1490,7,4,1,1484,3,35,3,3,2,10466,20948,3,14,3,2,80,2,29,3,3,8,7,0,7,False,True,True,False,True,False,False,False,False,True,False,False,False,False,False,False,False,False,False,False,False,0.0004109587576118,True,False,Research & Development,Low
34,0,829,15,3,1,1485,2,71,3,4,1,17007,11929,7,14,3,4,80,2,16,3,2,14,8,6,9,True,False,True,False,False,False,True,False,False,True,False,False,False,False,True,False,False,False,False,False,False,0.0274327860004995,True,False,Research & Development,Low
28,1,1496,1,3,1,1486,1,92,3,1,3,2909,15747,3,15,3,4,80,1,5,3,4,3,2,1,2,True,False,False,True,False,False,False,False,True,True,False,False,False,False,False,False,False,True,True,False,False,0.4266654473359537,False,True,Sales,Medium
29,1,115,13,3,1,1487,1,51,3,2,2,5765,17485,5,11,3,1,80,0,7,4,1,5,3,0,0,True,False,False,True,False,False,False,False,True,False,False,False,False,False,False,False,True,False,False,True,False,0.9181430154418988,False,False,Sales,High
34,1,790,24,4,1,1489,1,40,2,2,2,4599,7815,0,23,4,3,80,0,16,2,4,15,9,10,10,False,True,False,True,False,False,True,False,False,False,False,False,False,False,False,False,True,False,False,True,True,0.646065184116335,False,True,Sales,Medium
35,0,660,7,1,1,1492,4,76,3,1,3,2404,16192,1,13,3,1,80,1,1,3,3,1,0,0,0,False,True,False,True,True,False,False,False,False,True,False,False,False,False,False,False,False,True,True,False,False,0.0960679732171872,True,False,Sales,Low
24,1,381,9,3,1,1494,2,89,3,1,1,3172,16998,2,11,3,3,80,0,4,2,2,0,0,0,0,True,False,True,False,False,False,True,False,False,True,False,True,False,False,False,False,False,False,False,True,True,0.9772288759985956,False,False,Research & Development,High
24,0,830,13,2,1,1495,4,78,3,1,2,2033,7103,1,13,3,3,80,1,1,2,3,1,0,0,0,False,False,False,True,True,False,False,False,False,False,False,False,False,False,False,False,False,True,True,False,False,0.0472924703191467,True,False,Sales,Low
44,0,1193,2,1,1,1496,2,86,3,3,3,10209,19719,5,18,3,2,80,0,16,2,2,2,2,2,2,True,False,True,False,False,False,True,False,False,True,False,False,False,True,False,False,False,False,False,True,True,0.5679509394570205,False,True,Research & Development,Medium
29,0,1246,19,3,1,1497,3,77,2,2,3,8620,23757,1,14,3,3,80,2,10,3,3,10,7,0,4,False,True,False,True,True,False,False,False,False,True,False,False,False,False,False,False,True,False,False,False,False,0.0196692671324143,True,False,Sales,Low
30,0,330,1,3,1,1499,3,46,3,1,3,2064,15428,0,21,4,1,80,1,6,3,4,5,3,1,3,False,True,False,False,True,False,False,False,False,True,True,False,False,False,False,False,False,False,False,False,False,0.0123563810242023,True,False,Other,Low
55,0,1229,4,4,1,1501,4,30,3,2,3,4035,16143,0,16,3,2,80,0,4,2,3,3,2,1,2,False,True,True,False,True,False,False,False,False,True,False,False,False,False,False,False,False,False,True,False,True,0.0198906342646933,True,False,Research & Development,Low
33,0,1099,4,4,1,1502,1,82,2,1,2,3838,8192,8,11,3,4,80,0,8,5,3,5,4,0,2,False,True,True,False,False,False,True,False,False,False,False,True,False,False,False,False,False,False,True,False,False,0.2126480614204225,True,False,Research & Development,Low
47,0,571,14,3,1,1503,3,78,3,2,3,4591,24200,3,17,3,3,80,1,11,4,2,5,4,1,2,False,True,False,True,False,False,True,False,False,False,False,False,False,False,False,False,True,False,True,False,True,0.1445867761948195,True,False,Sales,Low
28,1,289,2,2,1,1504,3,38,2,1,1,2561,5355,7,11,3,3,80,0,8,2,2,0,0,0,0,True,False,True,False,False,False,True,False,False,True,False,True,False,False,False,False,False,False,False,True,False,0.854590326863594,False,False,Research & Development,High
28,0,1423,1,3,1,1506,1,72,2,1,3,1563,12530,1,14,3,4,80,1,1,2,1,1,0,0,0,False,True,True,False,True,False,False,False,False,True,False,False,False,False,False,True,False,False,False,False,False,0.0753395139832375,True,False,Research & Development,Low
28,0,467,7,3,1,1507,3,55,3,2,1,4898,11827,0,14,3,4,80,0,5,5,3,4,2,1,3,True,False,False,True,True,False,False,False,False,True,False,False,False,False,False,False,True,False,False,True,False,0.1865792830758929,True,False,Sales,Low
49,0,271,3,2,1,1509,3,43,2,2,1,4789,23070,4,25,4,1,80,1,10,3,3,3,2,1,2,False,True,True,False,False,False,True,False,False,False,False,True,False,False,False,False,False,False,True,False,False,0.0925075749051391,True,False,Research & Development,Low
29,0,410,2,1,1,1513,4,97,3,1,2,3180,4668,0,13,3,3,80,3,4,3,3,3,2,0,2,True,False,True,False,True,False,False,False,False,False,False,True,False,False,False,False,False,False,True,False,False,0.0281080752049696,True,False,Research & Development,Low
28,0,1083,29,1,1,1514,3,96,1,2,2,6549,3173,1,14,3,2,80,2,8,2,2,8,6,1,7,False,True,True,False,True,False,False,False,False,True,False,False,False,True,False,False,False,False,True,False,False,0.0504162282032111,True,False,Research & Development,Low
33,0,516,8,5,1,1515,4,69,3,2,3,6388,22049,2,17,3,1,80,0,14,6,3,0,0,0,0,False,True,True,False,True,False,False,False,False,True,False,False,False,False,False,False,False,False,False,True,True,0.0979648578073951,True,False,Research & Development,Low
32,0,495,10,3,1,1516,3,64,3,3,4,11244,21072,2,25,4,2,80,0,10,5,4,5,2,0,0,False,True,True,False,False,False,True,False,False,True,False,False,True,False,False,False,False,False,False,True,False,0.0128701376748339,True,False,Research & Development,Low
54,0,1050,11,4,1,1520,2,87,3,4,4,16032,24456,3,20,4,1,80,1,26,2,3,14,9,1,12,True,False,True,False,False,False,True,False,False,False,False,False,True,False,False,False,False,False,False,False,False,0.000974600378629,True,False,Research & Development,Low
29,1,224,1,4,1,1522,1,100,2,1,1,2362,7568,6,13,3,3,80,0,11,2,1,9,7,0,7,False,True,True,False,False,False,False,False,True,True,False,False,False,False,False,True,False,False,False,True,False,0.6476601511668647,False,True,Research & Development,Medium
44,0,136,28,3,1,1523,4,32,3,4,1,16328,22074,3,13,3,3,80,1,24,1,4,20,6,14,17,False,True,True,False,True,False,False,False,False,True,False,False,False,False,True,False,False,False,True,False,False,0.0128408437701521,True,False,Research & Development,Low
39,0,1089,6,3,1,1525,2,32,3,3,2,8376,9150,4,18,3,4,80,0,9,3,3,2,0,2,2,False,True,True,False,True,False,False,False,False,False,False,False,False,True,False,False,False,False,False,True,False,0.0496541274687587,True,False,Research & Development,Low
46,0,228,3,3,1,1527,3,51,3,4,2,16606,11380,8,12,3,4,80,1,23,2,4,13,12,5,1,False,True,False,True,True,False,False,False,False,False,False,False,True,False,False,False,False,False,True,False,False,0.0093799535597006,True,False,Sales,Low
35,0,1029,16,3,1,1529,4,91,2,3,2,8606,21195,1,19,3,4,80,0,11,3,1,11,8,3,3,False,True,True,False,True,False,False,False,False,False,False,False,False,False,False,False,False,False,False,True,False,0.0323322987019628,True,False,Research & Development,Low
23,0,507,20,1,1,1533,1,97,3,2,3,2272,24812,0,14,3,2,80,0,5,2,3,4,3,1,2,False,True,True,False,True,False,False,False,False,True,False,True,False,False,False,False,False,False,False,True,False,0.4229360726923236,False,True,Research & Development,Medium
40,1,676,9,4,1,1534,4,86,3,1,1,2018,21831,3,14,3,2,80,0,15,3,1,5,4,1,0,False,True,True,False,True,False,False,False,False,True,False,True,False,False,False,False,False,False,False,True,False,0.3574644783420916,False,True,Research & Development,Medium
34,0,971,1,3,1,1535,4,64,2,3,3,7083,12288,1,14,3,4,80,0,10,3,3,10,9,8,6,False,True,False,True,False,False,False,False,True,True,False,False,False,False,False,False,True,False,True,False,True,0.2804243430118955,True,False,Sales,Low
31,1,561,3,3,1,1537,4,33,3,1,3,4084,4156,1,12,3,1,80,0,7,2,1,7,2,7,7,True,False,True,False,True,False,False,False,False,False,False,False,False,False,False,True,False,False,False,True,False,0.2114851812472182,True,False,Research & Development,Low
50,0,333,22,5,1,1539,3,88,1,4,4,14411,24450,1,13,3,4,80,0,32,2,3,32,6,13,9,True,False,True,False,False,False,True,False,False,True,False,False,False,False,True,False,False,False,False,True,True,0.7476451330546723,False,False,Research & Development,High
34,0,1440,7,2,1,1541,2,55,3,1,3,2308,4944,0,25,4,2,80,1,12,4,3,11,10,5,7,False,True,False,True,False,False,False,False,True,True,False,False,False,False,False,False,False,True,True,False,True,0.3019081668074278,False,True,Sales,Medium
42,0,1210,2,3,1,1542,3,68,2,1,2,4841,24052,4,14,3,2,80,1,4,3,3,1,0,0,0,False,True,True,False,False,False,True,False,False,True,False,True,False,False,False,False,False,False,True,False,False,0.190466442754681,True,False,Research & Development,Low
37,0,674,13,3,1,1543,1,47,3,2,4,4285,3031,1,17,3,1,80,0,10,2,3,10,8,3,7,False,True,True,False,False,False,True,False,False,True,False,False,False,False,False,True,False,False,True,False,False,0.0160372564459593,True,False,Research & Development,Low
29,0,441,8,1,1,1544,3,39,1,2,1,9715,7288,3,13,3,3,80,1,9,3,3,7,7,0,7,False,True,True,False,False,False,False,True,False,False,False,False,False,False,False,False,False,False,True,False,False,0.0089316972476181,True,False,Research & Development,Low
33,0,575,25,3,1,1545,4,44,2,2,2,4320,24152,1,13,3,4,80,0,5,2,3,5,3,0,2,False,True,True,False,True,False,False,False,False,True,False,False,False,True,False,False,False,False,False,True,False,0.1014047006000282,True,False,Research & Development,Low
45,0,950,28,3,1,1546,4,97,3,1,4,2132,4585,4,20,4,4,80,1,8,3,3,5,4,0,3,False,True,True,False,False,False,False,False,True,True,False,False,False,False,False,True,False,False,True,False,False,0.0218248399003522,True,False,Research & Development,Low
42,0,288,2,3,1,1547,4,40,3,3,4,10124,18611,2,14,3,3,80,1,24,3,1,20,8,13,9,True,False,True,False,True,False,False,False,False,True,False,False,False,False,False,False,False,False,True,False,True,0.1819788208343977,True,False,Research & Development,Low
40,0,1342,9,2,1,1548,1,47,3,2,1,5473,19345,0,12,3,4,80,0,9,5,4,8,4,7,1,False,True,False,True,False,False,True,False,False,True,False,False,False,False,False,False,True,False,True,False,False,0.1027146250058708,True,False,Sales,Low
33,0,589,28,4,1,1549,2,79,3,2,3,5207,22949,1,12,3,2,80,1,15,3,3,15,14,5,7,False,True,True,False,True,False,False,False,False,True,False,True,False,False,False,False,False,False,True,False,True,0.3425203152190294,False,True,Research & Development,Medium
40,0,898,6,2,1,1550,3,38,3,4,4,16437,17381,1,21,4,4,80,0,21,2,3,21,7,7,7,False,True,False,False,False,False,True,False,False,True,False,False,True,False,False,False,False,False,False,True,True,0.1155313042917609,True,False,Other,Low
24,0,350,21,2,1,1551,3,57,2,1,1,2296,10036,0,14,3,2,80,3,2,3,3,1,1,0,0,False,True,True,False,False,False,False,False,True,True,False,True,False,False,False,False,False,False,False,False,False,0.3542439213647977,False,True,Research & Development,Medium
40,0,1142,8,2,1,1552,4,72,3,2,4,4069,8841,3,18,3,3,80,0,8,2,3,2,2,2,2,False,False,True,False,True,False,False,False,False,True,False,False,False,False,False,False,False,False,False,False,True,0.0065181401146423,True,False,Research & Development,Low
45,0,538,1,4,1,1553,1,66,3,3,2,7441,20933,1,12,3,1,80,3,10,4,3,10,8,7,7,False,True,True,False,False,False,False,False,True,True,False,False,False,False,False,False,False,False,False,False,False,0.014330377620043,True,False,Research & Development,Low
35,0,1402,28,4,1,1554,2,98,2,1,3,2430,26204,0,23,4,1,80,2,6,5,3,5,3,4,2,False,True,False,True,True,False,False,False,False,False,False,False,False,False,False,False,False,True,True,False,False,0.2032581256437682,True,False,Sales,Low
32,0,824,5,2,1,1555,4,67,2,2,2,5878,15624,3,12,3,1,80,1,12,2,3,7,1,2,5,False,True,True,False,True,False,False,False,False,False,False,False,False,False,False,True,False,False,True,False,False,0.0350874259162641,True,False,Research & Development,Low
36,0,1157,2,4,1,1556,3,70,3,1,4,2644,17001,3,21,4,4,80,0,7,3,2,3,2,1,2,False,True,False,True,True,False,False,False,False,True,False,False,False,False,False,False,False,True,False,True,True,0.5892968611543187,False,True,Sales,Medium
48,0,492,16,4,1,1557,3,96,3,2,3,6439,13693,8,14,3,3,80,1,18,2,3,8,7,7,7,False,True,False,True,True,False,False,False,False,False,False,False,False,False,False,False,True,False,False,False,False,0.0269373244871144,True,False,Sales,Low
29,0,598,9,3,1,1558,3,91,4,1,3,2451,22376,6,18,3,1,80,2,5,2,2,1,0,0,0,False,True,True,False,True,False,False,False,False,True,False,False,False,False,False,True,False,False,True,False,False,0.0826335725291396,True,False,Research & Development,Low
33,0,1242,8,4,1,1560,1,46,3,2,1,6392,10589,2,13,3,4,80,1,8,6,1,2,2,2,2,False,True,False,True,True,False,False,False,False,True,False,False,False,False,False,False,True,False,True,False,False,0.1165839996931125,True,False,Sales,Low
30,1,740,1,3,1,1562,2,64,2,2,1,9714,5323,1,11,3,4,80,1,10,4,3,10,8,6,7,False,True,False,True,True,False,False,False,False,True,False,False,False,False,False,False,True,False,True,False,False,0.0534971832680915,True,False,Sales,Low
38,0,888,10,4,1,1563,3,71,3,2,3,6077,14814,3,11,3,3,80,0,10,2,3,6,3,1,2,True,False,False,False,False,False,False,False,False,True,True,False,False,False,False,False,False,False,True,False,False,0.2461765716036797,True,False,Other,Low
35,0,992,1,3,1,1564,4,68,2,1,1,2450,21731,1,19,3,2,80,0,3,3,3,3,0,1,2,False,True,True,False,False,False,True,False,False,True,False,True,False,False,False,False,False,False,False,True,False,0.3260634195650982,False,True,Research & Development,Medium
30,0,1288,29,4,1,1568,3,33,3,3,2,9250,17799,3,12,3,2,80,1,9,3,3,4,2,1,3,False,True,False,True,False,False,False,False,True,True,False,False,False,False,False,False,True,False,True,False,False,0.2807135396266851,True,False,Sales,Low
35,1,104,2,3,1,1569,1,69,3,1,1,2074,26619,1,12,3,4,80,1,1,2,3,1,0,0,0,False,True,True,False,True,False,False,False,False,False,False,True,False,False,False,False,False,False,False,False,True,0.5770159514968933,False,True,Research & Development,Medium
53,1,607,2,5,1,1572,3,78,2,3,4,10169,14618,0,16,3,2,80,1,34,4,3,33,7,1,9,False,True,True,False,False,False,False,False,True,False,False,False,False,True,False,False,False,False,True,False,False,0.0084789695464906,True,False,Research & Development,Low
38,1,903,2,3,1,1573,3,81,3,2,2,4855,7653,4,11,3,1,80,2,7,2,3,5,2,1,4,False,True,True,False,False,False,True,False,False,True,False,False,False,True,False,False,False,False,True,False,False,0.0213935518514079,True,False,Research & Development,Low
32,0,1200,1,4,1,1574,4,62,3,2,1,4087,25174,4,14,3,2,80,1,9,3,2,6,5,1,2,False,False,True,False,False,False,False,False,True,True,False,False,False,False,False,True,False,False,True,False,False,0.0406581828009095,True,False,Research & Development,Low
48,0,1108,15,4,1,1576,3,65,3,1,1,2367,16530,8,12,3,4,80,1,10,3,2,8,2,7,6,False,True,True,False,False,False,False,True,False,False,False,False,False,False,False,True,False,False,True,False,False,0.1846101555512452,True,False,Research & Development,Low
34,0,479,7,4,1,1577,1,35,3,1,4,2972,22061,1,13,3,3,80,0,1,4,1,1,0,0,0,False,True,True,False,False,False,True,False,False,True,False,False,False,False,False,True,False,False,False,True,False,0.2023143936172871,True,False,Research & Development,Low
55,0,685,26,5,1,1578,3,60,2,5,4,19586,23037,1,21,4,3,80,1,36,3,3,36,6,2,13,False,True,False,True,False,True,False,False,False,True,False,False,True,False,False,False,False,False,True,False,False,0.0222597017607168,True,False,Sales,Low
34,0,1351,1,4,1,1580,2,45,3,2,4,5484,13008,9,17,3,2,80,1,9,3,2,2,2,2,1,False,True,True,False,True,False,False,False,False,True,False,False,False,False,False,True,False,False,True,False,False,0.0724878929728375,True,False,Research & Development,Low
26,0,474,3,3,1,1581,1,89,3,1,4,2061,11133,1,21,4,1,80,0,1,5,3,1,0,0,0,False,True,True,False,True,False,False,False,False,False,False,False,False,False,False,True,False,False,True,False,False,0.0248689286736644,True,False,Research & Development,Low
38,0,1245,14,3,1,1582,3,80,3,2,2,9924,12355,0,11,3,4,80,1,10,3,3,9,8,7,7,False,True,False,True,True,False,False,False,False,True,False,False,False,False,False,False,True,False,True,False,False,0.0218148623443759,True,False,Sales,Low
38,0,437,16,3,1,1583,2,90,3,2,2,4198,16379,2,12,3,2,80,0,8,5,4,3,2,1,2,False,True,False,True,True,False,False,False,False,False,False,False,False,False,False,False,True,False,False,True,False,0.0880143988456684,True,False,Sales,Low
36,0,884,1,4,1,1585,2,73,3,2,3,6815,21447,6,13,3,1,80,0,15,5,3,1,0,0,0,False,True,False,True,True,False,False,False,False,False,False,False,False,False,False,False,True,False,False,True,False,0.1130469025406939,True,False,Sales,Low
29,0,1370,3,1,1,1586,2,87,3,1,1,4723,16213,1,18,3,4,80,0,10,3,3,10,9,1,5,False,True,True,False,False,False,True,False,False,True,False,True,False,False,False,False,False,False,False,True,True,0.4521803433169026,False,True,Research & Development,Medium
35,0,670,10,4,1,1587,1,51,3,2,3,6142,4223,3,16,3,3,80,0,10,4,3,5,2,0,4,False,True,True,False,False,False,True,False,False,False,False,False,False,False,False,False,False,False,False,True,True,0.1474393756104,True,False,Research & Development,Low
39,0,1462,6,3,1,1588,4,38,4,3,3,8237,4658,2,11,3,1,80,1,11,3,3,7,6,7,6,False,True,False,True,False,False,True,False,False,True,False,False,False,False,False,False,True,False,True,False,False,0.0090104680214855,True,False,Sales,Low
29,0,995,2,1,1,1590,1,87,3,2,4,8853,24483,1,19,3,4,80,1,6,0,4,6,4,1,3,True,False,True,False,True,False,False,False,False,True,False,False,False,False,False,False,False,False,False,False,False,0.0091017636711912,True,False,Research & Development,Low
50,0,264,9,3,1,1591,3,59,3,5,3,19331,19519,4,16,3,3,80,1,27,2,3,1,0,0,0,False,True,False,True,False,True,False,False,False,True,False,False,True,False,False,False,False,False,True,False,True,0.0874565222460833,True,False,Sales,Low
23,0,977,10,3,1,1592,4,45,4,1,3,2073,12826,2,16,3,4,80,1,4,2,3,2,2,2,2,False,True,True,False,False,False,False,False,True,True,False,False,False,False,False,True,False,False,True,False,False,0.030881105077632,True,False,Research & Development,Low
36,0,1302,6,4,1,1594,1,80,4,2,1,5562,19711,3,13,3,4,80,1,9,3,3,3,2,0,2,True,False,True,False,True,False,False,False,False,True,False,True,False,False,False,False,False,False,True,False,True,0.6773891570218171,False,True,Research & Development,Medium
42,0,1059,9,2,1,1595,4,93,2,5,4,19613,26362,8,22,4,4,80,0,24,2,3,1,0,0,1,False,True,True,False,False,False,False,True,False,True,False,False,True,False,False,False,False,False,False,True,False,0.0228394255581056,True,False,Research & Development,Low
35,0,750,28,3,1,1596,2,46,4,2,3,3407,25348,1,17,3,4,80,2,10,3,2,10,9,6,8,False,True,True,False,True,False,False,False,False,True,False,True,False,False,False,False,False,False,True,False,False,0.0421164862730119,True,False,Research & Development,Low
34,0,653,10,4,1,1597,4,92,2,2,3,5063,15332,1,14,3,2,80,1,8,3,2,8,2,7,7,True,False,True,False,False,False,False,False,True,True,False,False,False,False,False,False,False,False,True,False,False,0.1541284243467731,True,False,Research & Development,Low
40,0,118,14,2,1,1598,4,84,3,2,1,4639,11262,1,15,3,3,80,1,5,2,3,5,4,1,2,False,True,False,True,True,False,False,False,False,False,False,False,False,False,False,False,True,False,True,False,False,0.0280424997427493,True,False,Sales,Low
43,0,990,27,3,1,1599,4,87,4,1,2,4876,5855,5,12,3,3,80,1,8,0,3,6,4,0,2,False,True,True,False,False,False,False,False,True,True,False,True,False,False,False,False,False,False,False,False,False,0.1904599504640398,True,False,Research & Development,Low
35,0,1349,7,2,1,1601,3,63,2,1,4,2690,7713,1,18,3,4,80,1,1,5,2,1,0,0,1,False,True,True,False,True,False,False,False,False,True,False,True,False,False,False,False,False,False,True,False,False,0.0385807935138147,True,False,Research & Development,Low
46,0,563,1,4,1,1602,4,56,4,4,1,17567,3156,1,15,3,2,80,0,27,5,1,26,0,0,12,False,True,False,True,True,False,False,False,False,True,False,False,True,False,False,False,False,False,False,True,False,0.0424177360856602,True,False,Sales,Low
28,1,329,24,3,1,1604,3,51,3,1,2,2408,7324,1,17,3,3,80,3,1,3,3,1,1,0,0,False,True,True,False,False,False,True,False,False,True,False,True,False,False,False,False,False,False,True,False,True,0.546740413320674,False,True,Research & Development,Medium
22,0,457,26,2,1,1605,2,85,2,1,3,2814,10293,1,14,3,2,80,0,4,2,2,4,2,1,3,False,False,True,False,False,False,False,True,False,False,False,False,False,False,False,True,False,False,True,False,True,0.3812485870858916,False,True,Research & Development,Medium
50,0,1234,20,5,1,1606,2,41,3,4,3,11245,20689,2,15,3,3,80,1,32,3,3,30,8,12,13,True,False,True,False,False,False,True,False,False,True,False,False,False,False,False,False,False,False,True,False,True,0.3213146906985072,False,True,Research & Development,Medium
32,0,634,5,4,1,1607,2,35,4,1,4,3312,18783,3,17,3,4,80,2,6,3,3,3,2,0,2,False,True,True,False,False,False,False,True,False,False,False,False,False,False,False,True,False,False,True,False,False,0.005596098827678,True,False,Research & Development,Low
44,0,1313,7,3,1,1608,2,31,3,5,4,19049,3549,0,14,3,4,80,1,23,4,2,22,7,1,10,False,True,True,False,False,False,True,False,False,False,False,False,False,False,True,False,False,False,False,False,True,0.0014763543043653,True,False,Research & Development,Low
30,0,241,7,3,1,1609,2,48,2,1,2,2141,5348,1,12,3,2,80,1,6,3,2,6,4,1,1,False,True,True,False,False,False,True,False,False,True,False,False,False,False,False,True,False,False,True,False,False,0.0984086876246019,True,False,Research & Development,Low
45,0,1015,5,5,1,1611,3,50,1,2,1,5769,23447,1,14,3,1,80,0,10,3,3,10,7,1,4,False,True,True,False,False,False,True,False,False,False,False,True,False,False,False,False,False,False,False,True,True,0.7233627042604585,False,False,Research & Development,High
45,0,336,26,3,1,1612,1,52,2,2,1,4385,24162,1,15,3,1,80,1,10,2,3,10,7,4,5,False,False,False,True,False,True,False,False,False,True,False,False,False,False,False,False,True,False,True,False,False,0.1753013086580367,True,False,Sales,Low
31,0,715,2,4,1,1613,4,54,3,2,1,5332,21602,7,13,3,4,80,0,10,3,3,5,2,0,3,True,False,False,True,False,False,False,True,False,True,False,False,False,False,False,False,True,False,False,True,False,0.3719704956051196,False,True,Sales,Medium
36,0,559,12,4,1,1614,3,76,3,2,3,4663,12421,9,12,3,2,80,2,7,2,3,3,2,1,1,False,True,True,False,True,False,False,False,False,False,False,False,False,True,False,False,False,False,True,False,True,0.2963291762612067,True,False,Research & Development,Low
34,0,426,10,4,1,1615,3,42,4,2,4,4724,17000,1,13,3,1,80,1,9,3,3,9,7,7,2,True,False,True,False,True,False,False,False,False,True,False,False,False,True,False,False,False,False,False,False,False,0.0186235393391866,True,False,Research & Development,Low
49,0,722,25,4,1,1617,3,84,3,1,1,3211,22102,1,14,3,4,80,1,10,3,2,9,6,1,4,False,True,True,False,True,False,False,False,False,False,False,True,False,False,False,False,False,False,True,False,False,0.0698686272962427,True,False,Research & Development,Low
39,0,1387,10,5,1,1618,2,76,3,2,1,5377,3835,2,13,3,4,80,3,10,3,3,7,7,7,7,False,True,True,False,False,False,True,False,False,True,False,False,False,True,False,False,False,False,True,False,False,0.0126678431457372,True,False,Research & Development,Low
27,0,1302,19,3,1,1619,4,67,2,1,1,4066,16290,1,11,3,1,80,2,7,3,3,7,7,0,7,False,True,True,False,False,False,False,True,False,True,False,True,False,False,False,False,False,False,False,False,False,0.0403389034271876,True,False,Research & Development,Low
35,0,819,18,5,1,1621,2,48,4,2,1,5208,26312,1,11,3,4,80,0,16,2,3,16,15,1,10,False,True,True,False,True,False,False,False,False,True,False,False,False,False,False,True,False,False,True,False,False,0.0056296538464893,True,False,Research & Development,Low
28,0,580,27,3,1,1622,2,39,1,2,1,4877,20460,0,21,4,2,80,1,6,5,2,5,3,0,0,False,True,True,False,False,False,True,False,False,False,False,False,False,True,False,False,False,False,False,False,False,0.0889405605183398,True,False,Research & Development,Low
21,0,546,5,1,1,1623,3,97,3,1,4,3117,26009,1,18,3,3,80,0,3,2,3,2,2,2,2,False,True,True,False,False,False,True,False,False,True,False,False,False,False,False,True,False,False,False,True,False,0.0617274883364998,True,False,Research & Development,Low
18,1,544,3,2,1,1624,2,70,3,1,4,1569,18420,1,12,3,3,80,0,0,2,4,0,0,0,0,True,False,False,True,False,False,True,False,False,False,False,False,False,False,False,False,False,True,False,True,True,0.8358893244457515,False,False,Sales,High
47,0,1176,26,4,1,1625,4,98,3,5,3,19658,5220,3,11,3,3,80,1,27,2,3,5,2,1,0,False,True,False,False,True,False,False,False,False,False,False,False,True,False,False,False,False,False,True,False,False,0.0036166686802892,True,False,Other,Low
39,0,170,3,2,1,1627,3,76,2,2,3,3069,10302,0,15,3,4,80,1,11,3,3,10,8,0,7,False,True,True,False,False,False,True,False,False,True,False,True,False,False,False,False,False,False,False,False,False,0.0053975484612725,True,False,Research & Development,Low
40,0,884,15,3,1,1628,1,80,2,3,3,10435,25800,1,13,3,4,80,2,18,2,3,18,15,14,12,False,True,True,False,True,False,False,False,False,False,False,False,False,True,False,False,False,False,True,False,False,0.0141555437980728,True,False,Research & Development,Low
35,0,208,8,4,1,1630,3,52,3,2,3,4148,12250,1,12,3,4,80,1,15,5,3,14,11,2,9,False,False,True,False,True,False,False,False,False,False,False,False,False,False,False,False,False,False,True,False,False,0.0001742849531552,True,False,Research & Development,Low
37,0,671,19,3,1,1631,3,85,3,2,3,5768,26493,3,17,3,1,80,3,9,2,2,4,3,0,2,False,True,True,False,True,False,False,False,False,True,False,False,False,True,False,False,False,False,True,False,False,0.0270412279834033,True,False,Research & Development,Low
39,0,711,4,3,1,1633,1,81,3,2,3,5042,3140,0,13,3,4,80,0,10,2,1,9,2,3,8,True,False,True,False,False,False,True,False,False,False,False,False,False,True,False,False,False,False,False,True,False,0.0983107031154754,True,False,Research & Development,Low
45,0,1329,2,2,1,1635,4,59,2,2,4,5770,5388,1,19,3,1,80,2,10,3,3,10,7,3,9,False,True,True,False,False,False,False,True,False,False,False,False,False,True,False,False,False,False,False,False,False,0.00054343260306,True,False,Research & Development,Low
38,0,397,2,2,1,1638,4,54,2,3,3,7756,14199,3,19,3,4,80,1,10,6,4,5,4,0,2,False,True,True,False,False,False,True,False,False,False,False,False,False,True,False,False,False,False,True,False,True,0.0127510360630249,True,False,Research & Development,Low
35,1,737,10,3,1,1639,4,55,2,3,1,10306,21530,9,17,3,3,80,0,15,3,3,13,12,6,0,False,True,False,True,False,False,True,False,False,True,False,False,False,False,False,False,True,False,True,False,False,0.2804364611127158,True,False,Sales,Low
37,0,1470,10,3,1,1640,2,71,3,1,2,3936,9953,1,11,3,1,80,1,8,2,1,8,4,7,7,False,True,True,False,False,False,True,False,False,False,False,False,False,False,False,True,False,False,True,False,False,0.0834673269109203,True,False,Research & Development,Low
40,0,448,16,3,1,1641,3,84,3,3,4,7945,19948,6,15,3,4,80,0,18,2,2,4,2,3,3,False,True,True,False,True,False,False,False,False,False,False,False,False,True,False,False,False,False,False,True,True,0.299391914725223,True,False,Research & Development,Low
44,0,602,1,5,1,1642,1,37,3,2,4,5743,10503,4,11,3,3,80,0,14,3,3,10,7,0,2,True,False,False,False,False,False,False,False,False,True,True,False,False,False,False,False,False,False,True,False,True,0.5596187635798002,False,True,Other,Medium
48,0,365,4,5,1,1644,3,89,2,4,4,15202,5602,2,25,4,2,80,1,23,3,3,2,2,2,2,True,False,True,False,False,False,True,False,False,True,False,False,True,False,False,False,False,False,True,False,False,0.005762528413287,True,False,Research & Development,Low
35,1,763,15,2,1,1645,1,59,1,2,4,5440,22098,6,14,3,4,80,2,7,2,2,2,2,2,2,False,True,False,True,False,False,True,False,False,True,False,False,False,False,False,False,True,False,False,False,True,0.6900185691515016,False,True,Sales,Medium
24,0,567,2,1,1,1646,1,32,3,1,4,3760,17218,1,13,3,3,80,0,6,2,3,6,3,1,3,True,False,True,False,False,False,False,False,True,False,False,False,False,False,False,True,False,False,False,True,True,0.7397842135774793,False,False,Research & Development,High
27,0,486,8,3,1,1647,2,86,4,1,3,3517,22490,7,17,3,1,80,0,5,0,3,3,2,0,2,False,True,True,False,False,False,True,False,False,False,False,False,False,False,False,True,False,False,True,False,False,0.0993487001462697,True,False,Research & Development,Low
27,0,591,2,3,1,1648,4,87,3,1,4,2580,6297,2,13,3,3,80,0,6,0,2,4,2,1,2,True,False,True,False,False,False,True,False,False,True,False,False,False,False,False,True,False,False,False,True,False,0.1318506087970403,True,False,Research & Development,Low
40,1,1329,7,3,1,1649,1,73,3,1,1,2166,3339,3,14,3,2,80,0,10,3,1,4,2,0,3,False,True,True,False,True,False,False,False,False,True,False,True,False,False,False,False,False,False,False,True,True,0.8882888992386359,False,False,Research & Development,High
29,0,469,10,3,1,1650,3,42,2,2,3,5869,23413,9,11,3,3,80,0,8,2,3,5,2,1,4,False,True,False,True,False,False,True,False,False,True,False,False,False,False,False,False,True,False,False,True,False,0.4962984197380496,False,True,Sales,Medium
36,0,711,5,4,1,1651,2,42,3,3,1,8008,22792,4,12,3,3,80,2,9,6,3,3,2,0,2,False,True,True,False,True,False,False,False,False,False,False,False,False,False,False,False,False,False,True,False,False,0.0076120188544016,True,False,Research & Development,Low
25,0,772,2,1,1,1653,4,77,4,2,3,5206,4973,1,17,3,3,80,2,7,6,3,7,7,0,7,True,False,True,False,True,False,False,False,False,True,False,False,False,True,False,False,False,False,False,False,False,0.0006270574895304,True,False,Research & Development,Low
39,0,492,12,3,1,1654,4,66,3,2,2,5295,7693,4,21,4,3,80,0,7,3,3,5,4,1,0,False,True,True,False,False,False,True,False,False,True,False,False,False,True,False,False,False,False,True,False,False,0.0208555467240241,True,False,Research & Development,Low
49,0,301,22,4,1,1655,1,72,3,4,2,16413,3498,3,16,3,2,80,2,27,2,3,4,2,1,2,False,True,True,False,False,False,False,True,False,False,False,False,False,False,True,False,False,False,True,False,False,0.0031787791815327,True,False,Research & Development,Low
50,0,813,17,5,1,1656,4,50,2,3,1,13269,21981,5,15,3,3,80,3,19,3,3,14,11,1,11,False,True,True,False,True,False,False,False,False,False,False,False,False,False,True,False,False,False,False,False,False,0.0003518558017029,True,False,Research & Development,Low
20,0,1141,2,3,1,1657,3,31,3,1,3,2783,13251,1,19,3,1,80,0,2,3,3,2,2,2,2,False,True,False,True,False,False,True,False,False,False,False,False,False,False,False,False,False,True,False,True,False,0.1972837386440261,True,False,Sales,Low
34,0,1130,3,3,1,1658,4,66,3,2,2,5433,19332,1,12,3,3,80,1,11,2,3,11,8,7,9,False,True,True,False,True,False,False,False,False,False,False,False,False,False,False,True,False,False,False,False,False,0.0038030059478271,True,False,Research & Development,Low
36,0,311,7,3,1,1659,1,77,3,1,2,2013,10950,2,11,3,3,80,0,15,4,3,4,3,1,3,False,True,True,False,True,False,False,False,False,True,False,True,False,False,False,False,False,False,False,True,False,0.1819518236387953,True,False,Research & Development,Low
49,0,465,6,1,1,1661,3,41,2,4,3,13966,11652,2,19,3,2,80,1,30,3,3,15,11,2,12,False,True,True,False,True,False,False,False,False,False,False,False,False,False,False,False,False,False,True,False,True,0.0023468860565432,True,False,Research & Development,Low
36,0,894,1,4,1,1662,4,33,2,2,3,4374,15411,0,15,3,3,80,0,4,6,3,3,2,1,2,False,False,True,False,False,False,True,False,False,False,False,False,False,True,False,False,False,False,True,False,False,0.0012465393090017,True,False,Research & Development,Low
36,0,1040,3,2,1,1664,4,79,4,2,1,6842,26308,6,20,4,1,80,1,13,3,3,5,4,0,4,False,True,True,False,True,False,False,False,False,True,False,False,False,False,False,False,False,False,False,False,False,0.0035547154705585,True,False,Research & Development,Low
54,0,584,22,5,1,1665,2,91,3,4,3,17426,18685,3,25,4,3,80,1,36,6,3,10,8,4,7,False,True,True,False,False,False,True,False,False,False,False,False,True,False,False,False,False,False,True,False,False,0.0008494607784481,True,False,Research & Development,Low
43,0,1291,15,2,1,1666,3,65,2,4,3,17603,3525,1,24,4,1,80,1,14,3,3,14,10,6,11,False,True,True,False,True,False,False,False,False,True,False,False,False,False,True,False,False,False,True,False,False,0.0010200300831535,True,False,Research & Development,Low
35,1,880,12,4,1,1667,4,36,3,2,4,4581,10414,3,24,4,1,80,0,13,2,4,11,9,6,7,True,False,False,True,False,False,False,True,False,True,False,False,False,False,False,False,True,False,False,True,True,0.3516264450162751,False,True,Sales,Medium
38,0,1189,1,3,1,1668,4,90,3,2,4,4735,9867,7,15,3,4,80,2,19,4,4,13,11,2,9,True,False,True,False,True,False,False,False,False,True,False,False,False,False,False,True,False,False,True,False,False,0.0016131284774828,True,False,Research & Development,Low
29,0,991,5,3,1,1669,1,43,2,2,2,4187,3356,1,13,3,2,80,1,10,3,2,10,0,0,9,False,True,False,True,False,False,True,False,False,True,False,False,False,False,False,False,True,False,False,False,True,0.428505057121449,False,True,Sales,Medium
33,0,392,2,4,1,1670,4,93,3,2,4,5505,3921,1,14,3,3,80,2,6,5,3,6,2,0,4,False,True,False,True,False,False,True,False,False,True,False,False,False,False,False,False,True,False,False,False,False,0.003476643555748,True,False,Sales,Low
32,0,977,2,3,1,1671,4,45,3,2,2,5470,25518,0,13,3,3,80,2,10,4,2,9,5,1,6,False,True,True,False,False,False,True,False,False,True,False,False,False,False,False,True,False,False,False,False,False,0.0039264962688157,True,False,Research & Development,Low
31,0,1112,5,4,1,1673,1,67,3,2,4,5476,22589,1,11,3,1,80,2,10,2,3,10,0,0,2,False,True,False,True,True,False,False,False,False,False,False,False,False,False,False,False,True,False,True,False,False,0.0620756142594815,True,False,Sales,Low
49,0,464,16,3,1,1674,4,74,3,1,1,2587,24941,4,16,3,2,80,1,17,2,2,2,2,2,2,False,True,True,False,False,False,True,False,False,False,False,True,False,False,False,False,False,False,False,False,True,0.3602656995284069,False,True,Research & Development,Medium
38,0,148,2,3,1,1675,4,42,2,1,2,2440,23826,1,22,4,2,80,0,4,3,3,4,3,3,3,True,False,True,False,False,False,True,False,False,False,False,True,False,False,False,False,False,False,False,True,False,0.2755373741835973,True,False,Research & Development,Low
47,0,1225,2,4,1,1676,2,47,4,4,2,15972,21086,6,14,3,3,80,3,29,2,3,3,2,1,2,False,True,False,True,True,False,False,False,False,False,False,False,True,False,False,False,False,False,False,False,False,0.0021664987534115,True,False,Sales,Low
49,0,809,1,3,1,1677,3,36,3,4,3,15379,22384,4,14,3,1,80,0,23,2,3,8,7,0,0,False,True,True,False,True,False,False,False,False,True,False,False,True,False,False,False,False,False,False,True,False,0.0103330301666082,True,False,Research & Development,Low
41,0,1206,23,2,1,1678,4,80,3,3,3,7082,11591,3,16,3,4,80,0,21,2,3,2,0,0,2,False,True,False,True,True,False,False,False,False,True,False,False,False,False,False,False,True,False,False,True,True,0.2567380735849998,True,False,Sales,Low
20,0,727,9,1,1,1680,4,54,3,1,1,2728,21082,1,11,3,1,80,0,2,3,3,2,2,0,2,False,True,False,True,True,False,False,False,False,True,False,False,False,False,False,False,False,True,False,True,False,0.4119092343497875,False,True,Sales,Medium
33,0,530,16,3,1,1681,3,36,3,2,4,5368,16130,1,25,4,3,80,1,7,2,3,6,5,1,2,False,False,False,True,True,False,False,False,False,False,False,False,False,False,False,False,True,False,False,False,True,0.0224218995914225,True,False,Sales,Low
36,0,1351,26,4,1,1682,1,80,3,2,3,5347,7419,6,14,3,2,80,2,10,2,2,3,2,0,2,False,True,True,False,True,False,False,False,False,True,False,False,False,False,False,False,False,False,True,False,False,0.0574340879273121,True,False,Research & Development,Low
44,0,528,1,3,1,1683,3,44,3,1,4,3195,4167,4,18,3,1,80,3,8,2,3,2,2,2,2,False,True,False,False,True,False,False,False,False,False,True,False,False,False,False,False,False,False,False,False,True,0.0719944896289869,True,False,Other,Low
23,1,1320,8,1,1,1684,4,93,2,1,3,3989,20586,1,11,3,1,80,0,5,2,3,5,4,1,2,False,True,True,False,False,False,True,False,False,True,False,True,False,False,False,False,False,False,False,True,True,0.7189332392459606,False,False,Research & Development,High
38,0,1495,4,2,1,1687,4,87,3,1,3,3306,26176,7,19,3,4,80,1,7,5,2,0,0,0,0,False,True,True,False,False,False,True,False,False,False,False,True,False,False,False,False,False,False,True,False,False,0.0408506662148978,True,False,Research & Development,Low
53,0,1395,24,4,1,1689,2,48,4,3,4,7005,3458,3,15,3,3,80,0,11,2,3,4,3,1,2,False,True,True,False,False,False,True,False,False,True,False,False,False,False,False,False,False,False,True,False,False,0.004294757160498,True,False,Research & Development,Low
48,1,708,7,2,1,1691,4,95,3,1,3,2655,11740,2,11,3,3,80,2,19,3,3,9,7,7,7,True,False,False,True,False,False,True,False,False,False,False,False,False,False,False,False,False,True,True,False,True,0.1804295749755129,True,False,Sales,Low
32,1,1259,2,4,1,1692,4,95,3,1,2,1393,24852,1,12,3,1,80,0,1,2,3,1,0,0,0,False,True,True,False,True,False,False,False,False,True,False,True,False,False,False,False,False,False,False,True,False,0.257284081463011,True,False,Research & Development,Low
26,0,786,7,3,1,1693,4,76,3,1,4,2570,11925,1,20,4,3,80,0,7,5,3,7,7,5,7,False,False,True,False,False,False,True,False,False,True,False,True,False,False,False,False,False,False,False,True,False,0.0103431732018023,True,False,Research & Development,Low
55,0,1441,22,3,1,1694,1,94,2,1,2,3537,23737,5,12,3,4,80,1,8,1,3,4,2,1,2,False,True,True,False,False,False,False,False,True,True,False,False,False,False,False,True,False,False,False,False,False,0.2828446377118336,True,False,Research & Development,Low
34,0,1157,5,2,1,1696,2,57,2,2,4,3986,11912,1,14,3,3,80,1,15,3,4,15,10,4,13,False,True,True,False,False,False,True,False,False,True,False,True,False,False,False,False,False,False,True,False,False,0.0065615199094053,True,False,Research & Development,Low
60,0,370,1,4,1,1697,3,92,1,3,4,10883,20467,3,20,4,3,80,1,19,2,4,1,0,0,0,False,True,True,False,False,False,True,False,False,True,False,False,False,False,False,False,False,False,False,False,False,0.0022901839735974,True,False,Research & Development,Low
33,0,267,21,3,1,1698,2,79,4,1,2,2028,13637,1,18,3,4,80,3,14,6,3,14,11,2,13,False,True,True,False,False,False,True,False,False,True,False,True,False,False,False,False,False,False,True,False,False,0.0046772776518338,True,False,Research & Development,Low
37,0,1278,1,4,1,1700,3,31,1,2,4,9525,7677,1,14,3,3,80,2,6,2,2,6,3,1,3,True,False,False,True,False,False,True,False,False,True,False,False,False,False,False,False,True,False,False,False,False,0.0567800608033404,True,False,Sales,Low
34,0,678,19,3,1,1701,2,35,2,1,4,2929,20338,1,12,3,2,80,0,10,3,3,10,9,8,7,False,True,True,False,True,False,False,False,False,False,False,False,False,False,False,True,False,False,True,False,False,0.0281149796788665,True,False,Research & Development,Low
23,1,427,7,3,1,1702,3,99,3,1,4,2275,25103,1,21,4,2,80,1,3,2,3,3,2,0,2,False,True,False,True,True,False,False,False,False,True,False,False,False,False,False,False,False,True,False,False,True,0.356746991500627,False,True,Sales,Medium
44,0,921,2,3,1,1703,3,96,4,3,4,7879,14810,1,19,3,2,80,1,9,2,3,8,7,6,7,False,True,True,False,True,False,False,False,False,False,False,False,False,False,False,False,False,False,True,False,True,0.0066107837601654,True,False,Research & Development,Low
35,0,146,2,4,1,1704,1,79,2,1,4,4930,13970,0,14,3,3,80,0,6,2,4,5,4,1,4,True,False,True,False,False,False,True,False,False,True,False,False,False,False,False,True,False,False,False,True,True,0.5146683327479195,False,True,Research & Development,Medium
43,0,1179,2,3,1,1706,4,73,3,2,4,7847,6069,1,17,3,1,80,1,10,3,3,10,9,8,8,False,True,False,True,False,False,True,False,False,True,False,False,False,False,False,False,True,False,True,False,True,0.0456329054562837,True,False,Sales,Low
24,0,581,9,3,1,1707,3,62,4,1,3,4401,17616,1,16,3,4,80,1,5,1,3,5,3,0,4,False,True,True,False,False,False,True,False,False,True,False,False,False,False,False,True,False,False,True,False,False,0.0123139265503999,True,False,Research & Development,Low
41,0,918,6,3,1,1708,4,35,3,3,3,9241,15869,1,12,3,2,80,0,10,3,3,10,8,8,7,False,True,False,True,False,True,False,False,False,True,False,False,False,False,False,False,True,False,False,True,False,0.0534544899310658,True,False,Sales,Low
29,0,1082,9,4,1,1709,4,43,3,1,3,2974,25412,9,17,3,3,80,1,9,2,3,5,3,1,2,False,True,True,False,False,False,True,False,False,False,False,True,False,False,False,False,False,False,True,False,False,0.1137440166081391,True,False,Research & Development,Low
36,0,530,2,4,1,1710,3,51,3,2,4,4502,7439,3,15,3,3,80,0,17,2,2,13,7,6,7,False,True,False,True,True,False,False,False,False,False,False,False,False,False,False,False,False,True,False,True,False,0.1167125767491431,True,False,Sales,Low
45,0,1238,1,1,1,1712,3,74,2,3,3,10748,3395,3,23,4,4,80,1,25,3,2,23,15,14,4,False,False,True,False,True,False,False,False,False,True,False,False,False,False,False,False,False,False,True,False,False,0.0038324003754649,True,False,Research & Development,Low
24,1,240,22,1,1,1714,4,58,1,1,3,1555,11585,1,11,3,3,80,1,1,2,3,1,0,0,0,False,True,False,False,False,False,False,False,False,True,True,False,False,False,False,False,False,False,True,False,False,0.33781880051501,False,True,Other,Medium
47,1,1093,9,3,1,1716,3,82,1,4,3,12936,24164,7,11,3,3,80,0,25,3,1,23,5,14,10,True,False,False,True,True,False,False,False,False,True,False,False,False,False,False,False,True,False,True,False,False,0.8455178218218575,False,False,Sales,High
26,0,390,17,4,1,1718,4,62,1,1,3,2305,6217,1,15,3,3,80,3,3,3,4,3,2,0,2,False,True,True,False,False,False,True,False,False,True,False,True,False,False,False,False,False,False,True,False,False,0.0654623437062192,True,False,Research & Development,Low
45,0,1005,28,2,1,1719,4,48,2,4,2,16704,17119,1,11,3,3,80,0,21,2,3,21,6,8,6,False,True,True,False,False,False,False,False,True,False,False,False,False,False,True,False,False,False,False,True,False,0.0922542469165346,True,False,Research & Development,Low
32,0,585,10,3,1,1720,1,56,3,1,3,3433,17360,6,13,3,1,80,1,10,3,2,5,2,1,3,True,False,True,False,True,False,False,False,False,True,False,False,False,False,False,True,False,False,True,False,False,0.3110948927095523,False,True,Research & Development,Medium
31,0,741,2,4,1,1721,2,69,3,1,3,3477,18103,1,14,3,4,80,1,6,2,4,5,2,0,3,False,True,True,False,True,False,False,False,False,True,False,True,False,False,False,False,False,False,True,False,False,0.0387829418545772,True,False,Research & Development,Low
41,0,552,4,3,1,1722,3,60,1,2,2,6430,20794,6,19,3,2,80,1,10,4,3,3,2,1,2,False,False,False,False,False,False,False,False,False,True,True,False,False,False,False,False,False,False,True,False,False,0.1374113639139886,True,False,Other,Low
40,0,369,8,2,1,1724,2,92,3,2,1,6516,5041,2,16,3,2,80,1,18,3,3,1,0,0,0,False,True,True,False,True,False,False,False,False,False,False,False,False,True,False,False,False,False,True,False,True,0.1156517953451022,True,False,Research & Development,Low
24,0,506,29,1,1,1725,2,91,3,1,1,3907,3622,1,13,3,2,80,3,6,2,4,6,2,1,2,False,True,True,False,False,False,True,False,False,True,False,True,False,False,False,False,False,False,False,False,False,0.1956277362561203,True,False,Research & Development,Low
46,0,717,13,4,1,1727,3,34,3,2,2,5562,9697,6,14,3,4,80,0,19,3,3,10,7,0,9,False,True,True,False,True,False,False,False,False,True,False,False,False,False,False,False,False,False,False,True,False,0.0072009451314801,True,False,Research & Development,Low
35,0,1370,27,4,1,1728,4,49,3,2,3,6883,5151,2,16,3,2,80,1,17,3,3,7,7,0,7,False,True,True,False,True,False,False,False,False,True,False,False,False,True,False,False,False,False,True,False,False,0.0024324125500311,True,False,Research & Development,Low
30,0,793,16,1,1,1729,2,33,3,1,4,2862,3811,1,12,3,2,80,1,10,2,2,10,0,0,8,False,True,True,False,True,False,False,False,False,True,False,False,False,False,False,True,False,False,True,False,False,0.0304736446940423,True,False,Research & Development,Low
47,0,543,2,4,1,1731,3,87,3,2,2,4978,3536,7,11,3,4,80,1,4,3,1,1,0,0,0,False,False,False,True,False,True,False,False,False,True,False,False,False,False,False,False,True,False,True,False,False,0.0799560176655373,True,False,Sales,Low
46,0,1277,2,3,1,1732,3,74,3,3,4,10368,5596,4,12,3,2,80,1,13,5,2,10,6,0,3,False,True,False,True,True,False,False,False,False,True,False,False,False,False,False,False,True,False,False,False,True,0.0504986093817061,True,False,Sales,Low
36,1,1456,13,5,1,1733,2,96,2,2,1,6134,8658,5,13,3,2,80,3,16,3,3,2,2,2,2,False,True,False,True,False,True,False,False,False,True,False,False,False,False,False,False,True,False,False,False,True,0.5153476662419249,False,True,Sales,Medium
32,1,964,1,2,1,1734,1,34,1,2,2,6735,12147,6,15,3,2,80,0,10,2,3,0,0,0,0,False,True,False,True,True,False,False,False,False,True,False,False,False,False,False,False,True,False,False,True,False,0.5808585237539706,False,True,Sales,Medium
23,0,160,4,1,1,1735,3,51,3,1,2,3295,12862,1,13,3,3,80,0,3,3,1,3,2,1,2,False,True,True,False,False,False,True,False,False,False,False,True,False,False,False,False,False,False,False,True,False,0.2798485219255244,True,False,Research & Development,Low
31,0,163,24,1,1,1736,4,30,3,2,4,5238,6670,2,20,4,4,80,0,9,3,2,5,4,1,4,True,False,True,False,False,False,False,False,True,False,False,False,False,True,False,False,False,False,False,True,False,0.0734002685778988,True,False,Research & Development,Low
39,0,792,1,3,1,1737,4,77,3,2,4,6472,8989,1,15,3,4,80,1,9,2,3,9,8,5,8,False,False,True,False,True,False,False,False,False,True,False,True,False,False,False,False,False,False,True,False,True,0.0193075756325786,True,False,Research & Development,Low
32,0,371,19,3,1,1739,4,80,1,3,3,9610,3840,3,13,3,3,80,1,10,2,1,4,3,0,2,False,True,False,True,True,False,False,False,False,True,False,False,False,False,False,False,True,False,True,False,False,0.1484487635442176,True,False,Sales,Low
40,0,611,7,4,1,1740,2,88,3,5,2,19833,4349,1,14,3,2,80,0,21,3,2,21,8,12,8,False,True,False,True,False,False,True,False,False,True,False,False,True,False,False,False,False,False,False,True,False,0.2657593295538281,True,False,Sales,Low
45,0,176,4,3,1,1744,3,56,1,3,3,9756,6595,4,21,4,3,80,2,9,2,4,5,0,0,3,False,True,False,False,True,False,False,False,False,False,True,False,False,False,False,False,False,False,True,False,False,0.0450120540391292,True,False,Other,Low
30,0,1312,2,4,1,1745,4,78,2,1,1,4968,26427,0,16,3,4,80,0,10,2,3,9,7,0,7,True,False,True,False,False,False,False,False,True,False,False,False,False,False,False,True,False,False,False,True,False,0.0978284102396822,True,False,Research & Development,Low
24,0,897,10,3,1,1746,1,59,3,1,4,2145,2097,0,14,3,4,80,1,3,2,3,2,2,2,1,True,False,False,False,False,False,True,False,False,True,True,False,False,False,False,False,False,False,True,False,False,0.1351156391955408,True,False,Other,Low
30,1,600,8,3,1,1747,3,66,2,1,4,2180,9732,6,11,3,3,80,1,6,0,2,4,2,1,2,True,False,False,False,False,False,False,False,False,False,True,False,False,False,False,False,False,False,False,False,False,0.3477990219768993,False,True,Other,Medium
31,0,1003,5,3,1,1749,1,51,3,2,3,8346,20943,1,19,3,3,80,1,6,3,3,5,2,0,2,False,True,False,True,False,False,False,False,True,True,False,False,False,False,False,False,True,False,True,False,False,0.1323396171736713,True,False,Sales,Low
27,0,1054,8,3,1,1751,3,67,3,1,4,3445,6152,1,11,3,3,80,0,6,5,2,6,2,1,4,False,True,True,False,False,False,True,False,False,False,False,False,False,False,False,True,False,False,False,True,False,0.0242288679887919,True,False,Research & Development,Low
29,1,428,9,3,1,1752,2,52,1,1,2,2760,14630,1,13,3,3,80,0,2,3,3,2,2,2,2,False,True,False,True,False,True,False,False,False,False,False,False,False,False,False,False,False,True,False,True,False,0.6540602974469071,False,True,Sales,Medium
29,0,461,1,3,1,1753,4,70,4,2,3,6294,23060,8,12,3,4,80,0,10,5,4,3,2,0,2,True,False,True,False,True,False,False,False,False,True,False,False,False,False,False,False,False,False,False,True,True,0.1641933843431761,True,False,Research & Development,Low
30,0,979,15,2,1,1754,3,94,2,3,1,7140,3088,2,11,3,1,80,1,12,2,3,7,7,1,7,False,True,False,True,False,True,False,False,False,True,False,False,False,False,False,False,True,False,False,False,False,0.0382238932197353,True,False,Sales,Low
34,0,181,2,4,1,1755,4,97,4,1,4,2932,5586,0,14,3,1,80,3,6,3,3,5,0,1,2,False,True,True,False,False,False,True,False,False,True,False,False,False,False,False,True,False,False,True,False,True,0.04517582414624,True,False,Research & Development,Low
33,0,1283,2,3,1,1756,4,62,3,2,2,5147,10697,8,15,3,4,80,0,13,2,2,11,7,1,7,False,False,False,True,False,True,False,False,False,False,False,False,False,False,False,False,True,False,False,True,False,0.0299908895800871,True,False,Sales,Low
49,0,1313,11,4,1,1757,4,80,3,2,4,4507,8191,3,12,3,3,80,0,8,1,4,5,1,0,4,False,True,False,True,False,True,False,False,False,False,False,False,False,False,False,False,True,False,False,True,False,0.0225669394084784,True,False,Sales,Low
33,1,211,16,3,1,1758,1,74,3,3,1,8564,10092,2,20,4,3,80,0,11,2,2,0,0,0,0,False,True,False,True,True,False,False,False,False,False,False,False,False,False,False,False,True,False,False,True,True,0.8238232193884976,False,False,Sales,High
38,0,594,2,2,1,1760,3,75,2,1,2,2468,15963,4,14,3,2,80,1,9,4,2,6,1,0,5,True,False,True,False,False,False,True,False,False,False,False,True,False,False,False,False,False,False,True,False,False,0.193155501243138,True,False,Research & Development,Low
31,1,1079,16,4,1,1761,1,70,3,3,3,8161,19002,2,13,3,1,80,3,10,2,3,1,0,0,0,False,True,False,True,False,True,False,False,False,True,False,False,False,False,False,False,True,False,True,False,False,0.1271141060887963,True,False,Sales,Low
29,0,590,4,3,1,1762,4,91,2,1,1,2109,10007,1,13,3,3,80,1,1,2,3,1,0,0,0,False,True,True,False,False,False,False,False,True,False,False,False,False,False,False,True,False,False,False,False,False,0.0774966007443814,True,False,Research & Development,Low
30,0,305,16,3,1,1763,3,58,4,2,3,5294,9128,3,16,3,3,80,1,10,3,3,7,0,1,7,False,True,True,False,True,False,False,False,False,True,False,False,False,False,False,False,False,False,True,False,False,0.0072732609138984,True,False,Research & Development,Low
32,0,953,5,4,1,1764,2,65,3,1,2,2718,17674,2,14,3,2,80,0,12,3,3,7,7,0,7,False,False,True,False,False,False,False,False,True,True,False,False,False,False,False,True,False,False,False,True,False,0.0293605634413561,True,False,Research & Development,Low
38,0,833,18,3,1,1766,2,60,1,2,4,5811,24539,3,16,3,3,80,1,15,2,3,1,0,1,0,False,True,True,False,False,False,True,False,False,True,False,False,False,False,False,False,False,False,True,False,True,0.2250595146011188,True,False,Research & Development,Low
43,1,807,17,3,1,1767,3,38,2,1,3,2437,15587,9,16,3,4,80,1,6,4,3,1,0,0,0,True,False,True,False,False,False,False,False,True,True,False,False,False,False,False,True,False,False,True,False,True,0.868322273221138,False,False,Research & Development,High
42,0,855,12,3,1,1768,2,57,3,1,2,2766,8952,8,22,4,2,80,3,7,6,2,5,3,0,4,False,True,True,False,False,False,True,False,False,True,False,True,False,False,False,False,False,False,False,False,False,0.0781067660291368,True,False,Research & Development,Low
55,0,478,2,3,1,1770,3,60,2,5,1,19038,19805,8,12,3,2,80,3,34,2,3,1,0,0,0,False,True,True,False,False,False,True,False,False,True,False,False,False,False,True,False,False,False,True,False,False,0.0038887028013758,True,False,Research & Development,Low
33,0,775,4,3,1,1771,4,90,3,2,2,3055,6194,5,15,3,4,80,2,11,2,2,9,8,1,7,False,False,True,False,False,False,False,False,True,True,False,False,False,False,False,True,False,False,False,False,False,0.0051457033227201,True,False,Research & Development,Low
41,0,548,9,4,1,1772,3,94,3,1,1,2289,20520,1,20,4,2,80,2,5,2,3,5,3,0,4,False,True,True,False,True,False,False,False,False,True,False,True,False,False,False,False,False,False,False,False,False,0.0456980354224174,True,False,Research & Development,Low
34,0,1375,10,3,1,1774,4,87,3,2,3,4001,12313,1,14,3,3,80,1,15,3,3,15,14,0,7,False,False,False,True,True,False,False,False,False,True,False,False,False,False,False,False,True,False,False,False,True,0.0033896366182476,True,False,Sales,Low
53,0,661,1,4,1,1775,1,60,2,4,3,12965,22308,4,20,4,4,80,3,27,2,2,3,2,0,2,False,False,True,False,False,False,True,False,False,False,False,False,False,True,False,False,False,False,True,False,True,0.016079522404988,True,False,Research & Development,Low
43,0,244,2,3,1,1778,2,97,3,1,4,3539,5033,0,13,3,2,80,0,10,5,3,9,7,1,8,False,True,False,False,True,False,False,False,False,True,True,False,False,False,False,False,False,False,False,True,False,0.014500681176143,True,False,Other,Low
34,0,511,3,2,1,1779,4,32,1,2,4,6029,25353,5,12,3,1,80,0,6,3,3,2,2,2,2,False,True,False,True,True,False,False,False,False,False,False,False,False,False,False,False,True,False,False,True,False,0.1481535855356264,True,False,Sales,Low
21,1,337,7,1,1,1780,2,31,3,1,2,2679,4567,1,13,3,2,80,0,1,3,3,1,0,1,0,False,True,False,True,False,True,False,False,False,True,False,False,False,False,False,False,False,True,False,True,False,0.6341955013332911,False,True,Sales,Medium
38,0,1153,6,2,1,1782,4,40,2,1,3,3702,16376,1,11,3,2,80,1,5,3,3,5,4,0,4,False,True,True,False,False,False,False,True,False,False,False,True,False,False,False,False,False,False,True,False,False,0.0169556744112645,True,False,Research & Development,Low
22,1,1294,8,1,1,1783,3,79,3,1,1,2398,15999,1,17,3,3,80,0,1,6,3,1,0,0,0,False,True,True,False,False,False,True,False,False,False,False,True,False,False,False,False,False,False,True,False,True,0.4168652580880032,False,True,Research & Development,Medium
31,0,196,29,4,1,1784,1,91,2,2,4,5468,13402,1,14,3,1,80,2,13,3,3,12,7,5,7,False,True,False,True,False,True,False,False,False,False,False,False,False,False,False,False,True,False,True,False,False,0.1133019271786625,True,False,Sales,Low
51,0,942,3,3,1,1786,1,53,3,3,3,13116,22984,2,11,3,4,80,0,15,2,3,2,2,2,2,False,True,True,False,False,False,False,False,True,False,False,False,True,False,False,False,False,False,True,False,False,0.0146495505657995,True,False,Research & Development,Low
37,0,589,9,2,1,1787,2,46,2,2,2,4189,8800,1,14,3,1,80,2,5,2,3,5,2,0,3,False,True,False,True,False,True,False,False,False,True,False,False,False,False,False,False,True,False,True,False,False,0.1035408422166348,True,False,Sales,Low
46,0,734,2,4,1,1789,3,46,3,5,4,19328,14218,7,17,3,3,80,1,24,3,3,2,1,2,2,False,True,True,False,False,False,True,False,False,True,False,False,False,False,True,False,False,False,False,False,True,0.0068874663037232,True,False,Research & Development,Low
36,0,1383,10,3,1,1790,4,90,3,3,1,8321,25949,7,13,3,4,80,1,15,1,3,12,8,5,7,False,True,True,False,True,False,False,False,False,True,False,False,False,False,False,False,False,False,True,False,True,0.1403454852762436,True,False,Research & Development,Low
44,1,429,1,2,1,1792,3,99,3,1,2,2342,11092,1,12,3,3,80,3,6,2,2,5,3,2,3,True,False,True,False,False,False,True,False,False,True,False,False,False,False,False,True,False,False,False,False,True,0.1780946487810503,True,False,Research & Development,Low
37,0,1239,8,2,1,1794,3,89,3,2,2,4071,12832,2,13,3,3,80,0,19,4,2,10,0,4,7,False,True,False,False,False,False,False,True,False,True,True,False,False,False,False,False,False,False,False,False,False,0.0559550833946674,True,False,Other,Low
35,1,303,27,3,1,1797,3,84,3,2,4,5813,13492,1,18,3,4,80,0,10,2,3,10,7,7,7,False,True,False,True,True,False,False,False,False,True,False,False,False,False,False,False,True,False,False,True,True,0.4897427189833462,False,True,Sales,Medium
33,0,867,8,4,1,1798,4,90,4,1,1,3143,6076,6,19,3,2,80,1,14,1,3,10,8,7,6,False,True,True,False,True,False,False,False,False,True,False,False,False,False,False,True,False,False,True,False,False,0.0394462812654191,True,False,Research & Development,Low
28,0,1181,1,3,1,1799,3,82,3,1,4,2044,5531,1,11,3,3,80,1,5,6,4,5,3,0,3,False,True,True,False,True,False,False,False,False,True,False,False,False,False,False,True,False,False,True,False,False,0.0025239029047167,True,False,Research & Development,Low
39,0,1253,10,1,1,1800,3,65,3,3,3,13464,7914,7,21,4,3,80,0,9,3,3,4,3,2,2,False,True,True,False,False,False,True,False,False,True,False,False,False,False,True,False,False,False,False,True,False,0.0116540315150258,True,False,Research & Development,Low
46,0,849,26,2,1,1801,2,98,2,2,2,7991,25166,8,15,3,3,80,0,6,3,3,2,2,2,2,False,False,False,True,True,False,False,False,False,True,False,False,False,False,False,False,True,False,False,True,False,0.4456535599238146,False,True,Sales,Medium
40,0,616,2,2,1,1802,3,99,3,1,1,3377,25605,4,17,3,4,80,1,7,5,2,4,3,0,2,False,True,True,False,True,False,False,False,False,False,False,True,False,False,False,False,False,False,True,False,False,0.0551756785255771,True,False,Research & Development,Low
42,0,1128,13,3,1,1803,2,95,4,2,1,5538,5696,5,18,3,3,80,2,10,2,2,0,0,0,0,False,True,True,False,False,False,True,False,False,True,False,False,False,False,False,False,False,False,True,False,False,0.0247455145996428,True,False,Research & Development,Low
35,0,1180,2,2,1,1804,2,90,3,2,4,5762,24442,2,14,3,3,80,1,15,6,3,7,7,1,7,False,False,True,False,False,False,True,False,False,True,False,False,False,True,False,False,False,False,False,False,False,0.0002770553605335,True,False,Research & Development,Low
38,0,1336,2,3,1,1805,1,100,3,1,2,2592,7129,5,13,3,4,80,3,13,3,3,11,10,3,8,False,False,False,False,False,False,False,False,False,True,True,False,False,False,False,False,False,False,False,False,False,0.0087475460130749,True,False,Other,Low
34,1,234,9,4,1,1807,4,93,3,2,1,5346,6208,4,17,3,3,80,1,11,3,2,7,1,0,7,True,False,True,False,True,False,False,False,False,True,False,True,False,False,False,False,False,False,True,False,False,0.2213908323615087,True,False,Research & Development,Low
37,1,370,10,4,1,1809,4,58,3,2,1,4213,4992,1,15,3,2,80,0,10,4,1,10,3,0,8,False,True,True,False,False,False,True,False,False,True,False,False,False,True,False,False,False,False,False,True,False,0.0511958467331741,True,False,Research & Development,Low
39,0,766,20,3,1,1812,3,83,3,2,4,4127,19188,2,18,3,4,80,1,7,6,3,2,1,2,2,True,False,False,True,True,False,False,False,False,True,False,False,False,False,False,False,True,False,False,False,False,0.0251226767703555,True,False,Sales,Low
43,0,343,9,3,1,1813,1,52,3,1,3,2438,24978,4,13,3,3,80,0,7,2,2,3,2,1,2,False,False,True,False,True,False,False,False,False,True,False,False,False,False,False,True,False,False,False,True,False,0.1020716771112148,True,False,Research & Development,Low
41,0,447,5,3,1,1814,2,85,4,2,2,6870,15530,3,12,3,1,80,0,11,3,1,3,2,1,2,False,True,True,False,True,False,False,False,False,True,False,False,False,False,False,False,False,False,False,True,False,0.0644278874875083,True,False,Research & Development,Low
41,0,796,4,1,1,1815,3,81,3,3,3,10447,26458,0,13,3,4,80,1,23,3,4,22,14,13,5,False,True,False,True,False,True,False,False,False,False,False,False,False,False,False,False,True,False,False,False,True,0.0670276491545866,True,False,Sales,Low
30,0,1092,10,3,1,1816,1,64,3,3,3,9667,2739,9,14,3,2,80,0,9,3,3,7,7,0,2,False,True,True,False,False,False,True,False,False,False,False,False,False,True,False,False,False,False,False,True,False,0.1051883959935341,True,False,Research & Development,Low
26,1,920,20,2,1,1818,4,69,3,1,2,2148,6889,0,11,3,3,80,0,6,3,3,5,1,1,4,False,True,False,False,False,False,True,False,False,False,True,False,False,False,False,False,False,False,True,False,True,0.2791977450186088,True,False,Other,Low
46,1,261,21,2,1,1821,4,66,3,2,2,8926,10842,4,22,4,4,80,1,13,2,4,9,7,3,7,False,True,True,False,False,False,True,False,False,False,False,False,False,False,False,False,False,False,True,False,False,0.0021554540678078,True,False,Research & Development,Low
40,0,1194,1,3,1,1822,3,52,3,2,4,6513,9060,4,17,3,4,80,1,12,3,3,5,3,0,3,False,True,True,False,True,False,False,False,False,False,False,False,False,False,False,False,False,False,False,False,False,0.0006690209573963,True,False,Research & Development,Low
34,0,810,8,2,1,1823,2,92,4,2,3,6799,22128,1,21,4,3,80,2,10,5,3,10,8,4,8,False,True,False,True,False,False,False,False,True,True,False,False,False,False,False,False,True,False,True,False,False,0.0146403563043575,True,False,Sales,Low
58,0,350,2,3,1,1824,2,52,3,4,2,16291,22577,4,22,4,4,80,1,37,0,2,16,9,14,14,False,False,False,True,False,False,True,False,False,True,False,False,True,False,False,False,False,False,False,False,False,0.0033971501854783,True,False,Sales,Low
35,0,185,23,4,1,1826,2,91,1,1,3,2705,9696,0,16,3,2,80,1,6,2,4,5,4,0,3,False,True,True,False,False,False,True,False,False,True,False,True,False,False,False,False,False,False,True,False,False,0.1579966303408983,True,False,Research & Development,Low
47,0,1001,4,3,1,1827,3,92,2,3,2,10333,19271,8,12,3,3,80,1,28,4,3,22,11,14,10,False,True,True,False,True,False,False,False,False,False,False,False,False,True,False,False,False,False,False,False,True,0.2079732689830471,True,False,Research & Development,Low
40,0,750,12,3,1,1829,2,47,3,2,1,4448,10748,2,12,3,2,80,1,15,3,3,7,4,7,7,False,True,True,False,True,False,False,False,False,False,False,False,False,False,False,False,False,False,False,False,False,0.0083685527171984,True,False,Research & Development,Low
54,0,431,7,4,1,1830,4,68,3,2,4,6854,15696,4,15,3,2,80,1,14,2,2,7,1,1,7,False,True,True,False,False,False,True,False,False,False,False,False,False,False,False,True,False,False,True,False,False,0.0068857068631612,True,False,Research & Development,Low
31,0,1125,7,4,1,1833,1,68,3,3,1,9637,8277,2,14,3,4,80,2,9,3,3,3,2,2,2,True,False,False,True,False,True,False,False,False,False,False,False,False,False,False,False,True,False,True,False,False,0.1526865900536442,True,False,Sales,Low
28,0,1217,1,3,1,1834,3,67,3,1,1,3591,12719,1,25,4,3,80,1,3,3,3,3,2,1,2,False,True,True,False,False,False,True,False,False,False,False,False,False,False,False,True,False,False,True,False,False,0.015508607011642,True,False,Research & Development,Low
38,0,723,2,4,1,1835,2,77,1,2,4,5405,4244,2,20,4,1,80,2,20,4,2,4,2,0,3,False,True,False,True,False,True,False,False,False,False,False,False,False,False,False,False,False,True,True,False,True,0.3265681631143217,False,True,Sales,Medium
26,0,572,10,3,1,1836,3,46,3,2,4,4684,9125,1,13,3,1,80,0,5,4,3,5,3,1,2,False,True,False,True,False,False,True,False,False,True,False,False,False,False,False,False,True,False,False,True,False,0.0776825267374903,True,False,Sales,Low
58,0,1216,15,4,1,1837,1,87,3,4,3,15787,21624,2,14,3,2,80,0,23,3,3,2,2,2,2,True,False,True,False,True,False,False,False,False,True,False,False,False,False,True,False,False,False,True,False,True,0.0431997439846143,True,False,Research & Development,Low
18,0,1431,14,3,1,1839,2,33,3,1,3,1514,8018,1,16,3,3,80,0,0,4,1,0,0,0,0,False,False,True,False,False,False,True,False,False,False,False,False,False,False,False,True,False,False,False,True,False,0.059306439641077,True,False,Research & Development,Low
31,1,359,18,5,1,1842,4,89,4,1,1,2956,21495,0,17,3,3,80,0,2,4,3,1,0,0,0,False,True,False,False,False,False,False,False,False,True,True,False,False,False,False,False,False,False,True,False,False,0.1579632466008861,True,False,Other,Low
29,1,350,13,3,1,1844,1,56,2,1,1,2335,3157,4,15,3,4,80,3,4,3,3,2,2,2,0,False,True,False,False,False,False,False,False,False,True,True,False,False,False,False,False,False,False,False,False,True,0.8484348085839928,False,False,Other,High
45,0,589,2,4,1,1845,3,67,3,2,3,5154,19665,4,22,4,2,80,2,10,3,4,8,7,5,7,False,False,False,True,True,False,False,False,False,False,False,False,False,False,False,False,True,False,True,False,False,0.0021936516993937,True,False,Sales,Low
36,0,430,2,4,1,1847,4,73,3,2,2,6962,19573,4,22,4,4,80,1,15,2,3,1,0,0,0,False,True,True,False,False,False,False,True,False,False,False,False,False,False,False,True,False,False,True,False,True,0.090524366908761,True,False,Research & Development,Low
43,0,1422,2,4,1,1849,1,92,3,2,4,5675,19246,1,20,4,3,80,1,7,5,3,7,7,7,7,True,False,False,True,True,False,False,False,False,True,False,False,False,False,False,False,True,False,True,False,False,0.0234601359181187,True,False,Sales,Low
27,0,1297,5,2,1,1850,4,53,3,1,4,2379,19826,0,14,3,3,80,0,6,3,2,5,4,0,2,True,False,True,False,True,False,False,False,False,False,False,True,False,False,False,False,False,False,False,True,True,0.3799134097934055,False,True,Research & Development,Medium
29,0,574,20,1,1,1852,4,40,3,1,4,3812,7003,1,13,3,2,80,0,11,3,4,11,8,3,10,True,False,True,False,False,False,True,False,False,True,False,True,False,False,False,False,False,False,True,False,False,0.0219814565494685,True,False,Research & Development,Low
32,0,1318,10,4,1,1853,4,79,3,2,4,4648,26075,8,13,3,3,80,0,4,2,4,0,0,0,0,True,False,False,True,False,True,False,False,False,True,False,False,False,False,False,False,True,False,False,True,False,0.3553164321758026,False,True,Sales,Medium
42,0,355,10,4,1,1854,3,38,3,1,3,2936,6161,3,22,4,2,80,2,10,1,2,6,3,3,3,False,False,True,False,False,False,False,False,True,True,False,False,False,False,False,True,False,False,True,False,False,0.0365493180714935,True,False,Research & Development,Low
47,0,207,9,4,1,1856,2,64,3,1,3,2105,5411,4,12,3,3,80,0,7,2,3,2,2,2,0,False,True,True,False,True,False,False,False,False,False,False,True,False,False,False,False,False,False,False,True,False,0.2206642355333365,True,False,Research & Development,Low
46,0,706,2,2,1,1857,4,82,3,3,4,8578,19989,3,14,3,3,80,1,12,4,2,9,8,4,7,False,True,True,False,True,False,False,False,False,True,False,False,False,True,False,False,False,False,False,False,False,0.00127749778124,True,False,Research & Development,Low
28,0,280,1,2,1,1858,3,43,3,1,4,2706,10494,1,15,3,2,80,1,3,2,3,3,2,2,2,False,False,False,False,True,False,False,False,False,True,True,False,False,False,False,False,False,False,False,False,False,0.0092961456171389,True,False,Other,Low
29,0,726,29,1,1,1859,4,93,1,2,3,6384,21143,8,17,3,4,80,2,11,3,3,7,0,1,6,False,True,True,False,True,False,False,False,False,True,False,False,False,False,False,False,False,False,False,False,False,0.047586753915509,True,False,Research & Development,Low
42,0,1142,8,3,1,1860,4,81,3,1,3,3968,13624,4,13,3,4,80,0,8,3,3,0,0,0,0,False,True,True,False,True,False,False,False,False,True,False,True,False,False,False,False,False,False,False,True,False,0.1026669370897359,True,False,Research & Development,Low
32,1,414,2,4,1,1862,3,82,2,2,2,9907,26186,7,12,3,3,80,0,7,3,2,2,2,2,2,False,True,False,True,False,True,False,False,False,True,False,False,False,False,False,False,True,False,False,True,True,0.9337626230675616,False,False,Sales,High
46,0,1319,3,3,1,1863,1,45,4,4,1,13225,7739,2,12,3,4,80,1,25,5,3,19,17,2,8,False,True,False,True,False,False,False,False,True,False,False,False,False,False,False,False,True,False,False,False,False,0.0021690222438435,True,False,Sales,Low
27,0,728,23,1,1,1864,2,36,2,2,3,3540,7018,1,21,4,4,80,1,9,5,3,9,8,5,8,False,True,False,True,False,False,True,False,False,False,False,False,False,False,False,False,False,True,True,False,False,0.0424128226889212,True,False,Sales,Low
29,0,352,6,1,1,1865,4,87,2,1,2,2804,15434,1,11,3,4,80,0,1,3,3,1,0,0,0,False,True,False,False,False,False,True,False,False,True,True,False,False,False,False,False,False,False,True,False,False,0.1057246786159767,True,False,Other,Low
43,0,823,6,3,1,1866,1,81,2,5,3,19392,22539,7,13,3,4,80,0,21,2,3,16,12,6,14,False,True,True,False,False,False,True,False,False,False,False,False,True,False,False,False,False,False,True,False,False,0.0078541125500031,True,False,Research & Development,Low
48,0,1224,10,3,1,1867,4,91,2,5,2,19665,13583,4,12,3,4,80,0,29,3,3,22,10,12,9,False,True,True,False,True,False,False,False,False,True,False,False,False,False,True,False,False,False,True,False,False,0.0055366862557342,True,False,Research & Development,Low
29,1,459,24,2,1,1868,4,73,2,1,4,2439,14753,1,24,4,2,80,0,1,3,2,1,0,1,0,True,False,True,False,True,False,False,False,False,True,False,False,False,False,False,True,False,False,False,True,True,0.8088323909361033,False,False,Research & Development,High
46,1,1254,10,3,1,1869,3,64,3,3,2,7314,14011,5,21,4,3,80,3,14,2,3,8,7,0,7,False,True,False,True,True,False,False,False,False,False,False,False,False,False,False,False,True,False,True,False,False,0.0042268806770605,True,False,Sales,Low
27,0,1131,15,3,1,1870,4,77,2,1,1,4774,23844,0,19,3,4,80,1,8,2,2,7,6,7,3,True,False,True,False,True,False,False,False,False,False,False,False,False,False,False,True,False,False,True,False,False,0.1404645821570748,True,False,Research & Development,Low
39,0,835,19,4,1,1871,4,41,3,2,4,3902,5141,8,14,3,2,80,3,7,2,3,2,2,2,2,False,True,True,False,False,False,False,True,False,True,False,False,False,False,False,True,False,False,False,False,False,0.0201815661222154,True,False,Research & Development,Low
55,0,836,2,4,1,1873,2,98,2,1,4,2662,7975,8,20,4,2,80,1,19,2,4,5,2,0,4,False,True,True,False,False,False,False,False,True,True,False,False,False,False,False,True,False,False,True,False,False,0.0364679752233853,True,False,Research & Development,Low
28,0,1172,3,3,1,1875,2,78,3,1,2,2856,3692,1,19,3,4,80,1,1,3,3,1,0,0,0,False,True,False,True,False,False,True,False,False,False,False,False,False,False,False,False,False,True,True,False,False,0.0947322124621652,True,False,Sales,Low
30,1,945,9,3,1,1876,2,89,3,1,4,1081,16019,1,13,3,3,80,0,1,3,2,1,0,0,0,False,True,False,True,False,False,True,False,False,True,False,False,False,False,False,False,False,True,False,True,False,0.3864244930777296,False,True,Sales,Medium
22,1,391,7,1,1,1878,4,75,3,1,2,2472,26092,1,23,4,1,80,0,1,2,3,1,0,0,0,False,True,True,False,True,False,False,False,False,True,False,False,False,False,False,True,False,False,False,True,True,0.577245011585743,False,True,Research & Development,Medium
36,0,1266,10,4,1,1880,2,63,2,2,3,5673,6060,1,13,3,1,80,1,10,4,3,10,9,1,7,False,True,False,True,False,False,False,False,True,False,False,False,False,False,False,False,True,False,True,False,True,0.1828552303018717,True,False,Sales,Low
31,0,311,20,3,1,1881,2,89,3,2,3,4197,18624,1,11,3,1,80,1,10,2,3,10,8,0,2,False,True,True,False,True,False,False,False,False,True,False,True,False,False,False,False,False,False,False,False,False,0.0690103555636411,True,False,Research & Development,Low
34,0,1480,4,3,1,1882,3,64,3,3,4,9713,24444,2,13,3,4,80,3,9,3,3,5,3,1,0,False,True,False,True,True,False,False,False,False,True,False,False,False,False,False,False,True,False,True,False,True,0.0846845118089033,True,False,Sales,Low
29,0,592,7,3,1,1883,4,59,3,1,1,2062,19384,3,14,3,2,80,0,11,2,3,3,2,1,2,False,True,True,False,True,False,False,False,False,True,False,True,False,False,False,False,False,False,False,True,False,0.2697400973317206,True,False,Research & Development,Low
37,0,783,7,4,1,1885,4,78,3,2,1,4284,13588,5,22,4,3,80,1,16,2,3,5,3,0,4,False,True,True,False,False,False,True,False,False,True,False,False,False,False,False,True,False,False,True,False,True,0.1280578881905646,True,False,Research & Development,Low
35,0,219,16,2,1,1886,4,44,2,2,2,4788,25388,0,11,3,4,80,0,4,2,3,3,2,0,2,False,True,True,False,False,False,False,True,False,False,False,False,False,True,False,False,False,False,True,False,True,0.1299514363162998,True,False,Research & Development,Low
45,0,556,25,2,1,1888,2,93,2,2,4,5906,23888,0,13,3,4,80,2,10,2,2,9,8,3,8,False,True,True,False,True,False,False,False,False,False,False,False,False,True,False,False,False,False,True,False,False,0.0057015758652367,True,False,Research & Development,Low
36,0,1213,2,1,1,1890,2,94,2,2,4,3886,4223,1,21,4,4,80,0,10,2,2,10,1,0,8,True,False,False,False,False,False,False,False,False,True,True,False,False,False,False,False,False,False,False,True,False,0.252344608705622,True,False,Other,Low
40,0,1137,1,4,1,1892,1,98,3,4,1,16823,18991,2,11,3,1,80,1,22,3,3,19,7,11,16,False,True,True,False,True,False,False,False,False,True,False,False,True,False,False,False,False,False,False,False,False,0.0208588978110644,True,False,Research & Development,Low
26,0,482,1,2,1,1893,2,90,2,1,3,2933,14908,1,13,3,3,80,1,1,3,2,1,0,1,0,False,True,True,False,True,False,False,False,False,False,False,False,False,False,False,True,False,False,True,False,True,0.3533973942864137,False,True,Research & Development,Medium
27,0,511,2,2,1,1898,1,89,4,2,3,6500,26997,0,14,3,2,80,0,9,5,2,8,7,0,7,False,True,False,True,False,False,True,False,False,False,False,False,False,False,False,False,True,False,False,True,False,0.020189667001368,True,False,Sales,Low
48,0,117,22,3,1,1900,4,58,3,4,4,17174,2437,3,11,3,2,80,1,24,3,3,22,17,4,7,True,False,True,False,False,False,True,False,False,False,False,False,True,False,False,False,False,False,False,False,False,0.0013461150906941,True,False,Research & Development,Low
44,0,170,1,4,1,1903,2,78,4,2,1,5033,9364,2,15,3,4,80,1,10,5,3,2,0,2,2,False,True,True,False,True,False,False,False,False,True,False,False,False,False,False,False,False,False,True,False,False,0.0064674316079557,True,False,Research & Development,Low
34,1,967,16,4,1,1905,4,85,1,1,1,2307,14460,1,23,4,2,80,1,5,2,3,5,2,3,0,False,False,True,False,False,False,False,False,True,True,False,False,False,False,False,True,False,False,True,False,True,0.6707482804712606,False,True,Research & Development,Medium
56,1,1162,24,2,1,1907,1,97,3,1,4,2587,10261,1,16,3,4,80,0,5,3,3,4,2,1,0,False,True,True,False,True,False,False,False,False,True,False,True,False,False,False,False,False,False,False,True,False,0.179723171705825,True,False,Research & Development,Low
36,0,335,17,2,1,1908,3,33,2,2,2,5507,16822,2,16,3,3,80,2,12,1,1,4,2,1,3,False,True,False,True,False,True,False,False,False,True,False,False,False,False,False,False,True,False,True,False,False,0.1684924303459337,True,False,Sales,Low
41,0,337,8,3,1,1909,3,54,3,2,2,4393,26841,5,21,4,3,80,1,14,3,3,5,4,1,4,False,True,False,True,False,True,False,False,False,False,False,False,False,False,False,False,True,False,True,False,False,0.0234010303185737,True,False,Sales,Low
42,0,1396,6,3,1,1911,3,83,3,3,1,13348,14842,9,13,3,2,80,1,18,3,4,13,7,5,7,False,True,True,False,False,False,True,False,False,True,False,False,False,False,True,False,False,False,True,False,False,0.0076144092740262,True,False,Research & Development,Low
31,0,1079,10,2,1,1912,3,86,3,2,4,6583,20115,2,11,3,4,80,1,8,2,3,5,2,1,4,False,True,False,True,False,False,True,False,False,False,False,False,False,False,False,False,True,False,False,False,True,0.0695070992489273,True,False,Sales,Low
34,0,735,3,1,1,1915,4,75,2,2,4,8103,16495,3,12,3,3,80,0,9,3,2,4,2,0,1,False,True,False,True,False,False,True,False,False,False,False,False,False,False,False,False,True,False,True,False,True,0.1693424423920629,True,False,Sales,Low
31,0,471,4,3,1,1916,1,62,4,1,3,3978,16031,8,12,3,2,80,1,4,0,2,2,2,2,2,False,True,True,False,False,False,True,False,False,False,False,True,False,False,False,False,False,False,False,False,False,0.2642220634476318,True,False,Research & Development,Low
26,0,1096,6,3,1,1918,3,61,4,1,4,2544,7102,0,18,3,1,80,1,8,3,3,7,7,7,7,True,False,True,False,False,False,False,True,False,True,False,True,False,False,False,False,False,False,True,False,False,0.0323284052452466,True,False,Research & Development,Low
45,0,1297,1,4,1,1922,2,44,3,2,3,5399,14511,4,12,3,3,80,0,12,3,3,4,2,0,3,True,False,True,False,False,False,True,False,False,True,False,False,False,False,False,False,False,False,False,True,False,0.031610086978992,True,False,Research & Development,Low
33,0,217,10,4,1,1924,2,43,3,2,3,5487,10410,1,14,3,2,80,0,10,2,2,10,4,0,9,False,True,False,True,False,True,False,False,False,True,False,False,False,False,False,False,True,False,False,True,False,0.1265906498894221,True,False,Sales,Low
28,0,783,1,2,1,1927,3,42,2,2,4,6834,19255,1,12,3,3,80,1,7,2,3,7,7,0,7,True,False,False,True,True,False,False,False,False,True,False,False,False,False,False,False,True,False,True,False,True,0.1244732212753908,True,False,Sales,Low
29,1,746,24,3,1,1928,3,45,4,1,1,1091,10642,1,17,3,4,80,0,1,3,3,1,0,0,0,True,False,False,True,False,False,False,False,True,True,False,False,False,False,False,False,False,True,False,True,False,0.8437768175049019,False,False,Sales,High
39,0,1251,21,4,1,1929,1,32,1,2,3,5736,3987,6,19,3,3,80,1,10,1,3,3,2,1,2,False,False,False,True,True,False,False,False,False,False,False,False,False,False,False,False,True,False,True,False,False,0.0913874353955845,True,False,Sales,Low
27,0,1354,2,4,1,1931,2,41,3,1,2,2226,6073,1,11,3,3,80,1,6,3,2,5,3,1,2,False,True,True,False,False,False,False,False,True,True,False,False,False,False,False,True,False,False,True,False,False,0.0913556089152576,True,False,Research & Development,Low
34,0,735,22,4,1,1932,3,86,2,2,4,5747,26496,1,15,3,2,80,0,16,3,3,15,10,6,11,True,False,True,False,False,False,False,True,False,True,False,False,False,False,False,True,False,False,True,False,True,0.2800789717123533,True,False,Research & Development,Low
28,1,1475,13,2,1,1933,4,84,3,2,3,9854,23352,3,11,3,4,80,0,6,0,3,2,0,2,2,False,True,False,True,False,True,False,False,False,False,False,False,False,False,False,False,True,False,False,True,True,0.6459056777286296,False,True,Sales,Medium
47,0,1169,14,4,1,1934,3,64,3,2,2,5467,2125,8,18,3,3,80,1,16,4,4,8,7,1,7,False,False,True,False,False,False,False,False,True,True,False,False,False,False,False,True,False,False,True,False,False,0.0079506718156052,True,False,Research & Development,Low
56,0,1443,11,5,1,1935,4,89,2,2,1,5380,20328,4,16,3,3,80,1,6,3,3,0,0,0,0,False,True,False,True,False,True,False,False,False,False,False,False,False,False,False,False,True,False,True,False,False,0.0606738524083531,True,False,Sales,Low
39,0,867,9,2,1,1936,1,87,3,2,1,5151,12315,1,25,4,4,80,1,10,3,3,10,0,7,9,False,True,True,False,False,False,True,False,False,True,False,False,False,True,False,False,False,False,True,False,False,0.0624240704299768,True,False,Research & Development,Low
38,0,1394,8,3,1,1937,4,58,2,2,2,2133,18115,1,16,3,3,80,1,20,3,3,20,11,0,7,True,False,True,False,False,False,True,False,False,False,False,False,False,False,False,True,False,False,False,False,True,0.0330179051450826,True,False,Research & Development,Low
58,0,605,21,3,1,1938,4,72,3,4,4,17875,11761,4,13,3,3,80,1,29,2,2,1,0,0,0,False,True,False,True,True,False,False,False,False,False,False,False,True,False,False,False,False,False,True,False,True,0.0313703516969072,True,False,Sales,Low
32,1,238,5,2,1,1939,1,47,4,1,3,2432,15318,3,14,3,1,80,0,8,2,3,4,1,0,3,True,False,True,False,True,False,False,False,False,False,False,False,False,False,False,True,False,False,False,True,True,0.6172463615090665,False,True,Research & Development,Medium
38,0,1206,9,2,1,1940,2,71,3,1,4,4771,14293,2,19,3,4,80,2,10,0,4,5,2,0,3,False,True,True,False,True,False,False,False,False,True,False,False,False,False,False,True,False,False,False,False,False,0.0051029905856574,True,False,Research & Development,Low
49,0,1064,2,1,1,1941,2,42,3,5,4,19161,13738,3,15,3,4,80,0,28,3,3,5,4,4,3,True,False,True,False,True,False,False,False,False,True,False,False,False,False,True,False,False,False,True,False,False,0.0009912178165816,True,False,Research & Development,Low
42,0,419,12,4,1,1943,2,77,3,2,4,5087,2900,3,12,3,3,80,2,14,4,3,0,0,0,0,False,True,False,True,False,True,False,False,False,True,False,False,False,False,False,False,True,False,False,False,True,0.1117052765814559,True,False,Sales,Low
27,1,1337,22,3,1,1944,1,58,2,1,2,2863,19555,1,12,3,1,80,0,1,2,3,1,0,0,0,True,False,False,False,False,False,False,False,False,False,True,False,False,False,False,False,False,False,True,False,False,0.7632871228100996,False,False,Other,High
35,0,682,18,4,1,1945,2,71,3,2,1,5561,15975,0,16,3,4,80,1,6,2,1,5,3,0,4,False,True,False,True,False,False,True,False,False,True,False,False,False,False,False,False,True,False,True,False,False,0.1270669265987393,True,False,Sales,Low
28,0,1103,16,3,1,1947,3,49,3,1,3,2144,2122,1,14,3,3,80,0,5,3,2,5,3,1,4,False,False,True,False,False,False,True,False,False,True,False,False,False,False,False,True,False,False,False,True,False,0.0255293287195881,True,False,Research & Development,Low
31,0,976,3,2,1,1948,3,48,3,1,1,3065,3995,1,13,3,4,80,1,4,3,4,4,2,2,3,False,False,True,False,False,False,True,False,False,True,False,False,False,False,False,True,False,False,False,False,True,0.0347228372855558,True,False,Research & Development,Low
36,0,1351,9,4,1,1949,1,66,4,1,2,2810,9238,1,22,4,2,80,0,5,3,3,5,4,0,2,False,False,True,False,True,False,False,False,False,True,False,True,False,False,False,False,False,False,True,False,False,0.0243356665507174,True,False,Research & Development,Low
34,0,937,1,3,1,1950,1,32,3,3,4,9888,6770,1,21,4,1,80,0,14,3,2,14,8,2,1,False,True,False,True,False,True,False,False,False,True,False,False,False,False,False,False,True,False,False,True,False,0.1285027864046471,True,False,Sales,Low
34,0,1239,13,4,1,1951,4,39,3,3,3,8628,22914,1,18,3,3,80,1,9,2,2,8,7,1,1,False,True,False,True,False,False,True,False,False,True,False,False,False,False,False,False,True,False,False,False,False,0.0144658200456342,True,False,Sales,Low
26,0,157,1,3,1,1952,3,95,3,1,1,2867,20006,0,13,3,4,80,0,8,6,2,7,7,7,6,False,True,True,False,False,False,True,False,False,True,False,True,False,False,False,False,False,False,False,True,False,0.1737461364131532,True,False,Research & Development,Low
29,0,136,1,3,1,1954,1,89,3,2,1,5373,6225,0,12,3,1,80,1,6,5,2,5,3,0,2,False,True,True,False,True,False,False,False,False,True,False,False,False,False,False,False,False,False,True,False,False,0.0256965808425502,True,False,Research & Development,Low
32,0,1146,15,4,1,1955,3,34,3,2,4,6667,16542,5,18,3,2,80,1,9,6,3,5,1,1,2,False,False,True,False,False,False,True,False,False,False,False,False,False,False,False,False,False,False,False,False,False,0.0016136090743733,True,False,Research & Development,Low
31,0,1125,1,3,1,1956,4,48,1,2,1,5003,5771,1,21,4,2,80,0,10,6,3,10,8,8,7,True,False,True,False,True,False,False,False,False,True,False,False,False,False,False,True,False,False,True,False,False,0.0538542509573028,True,False,Research & Development,Low
28,1,1404,17,3,1,1960,3,32,2,1,4,2367,18779,5,12,3,1,80,1,6,2,2,4,1,0,3,False,True,True,False,False,False,False,False,True,True,False,True,False,False,False,False,False,False,False,False,False,0.3965557477874793,False,True,Research & Development,Medium
38,0,1404,1,3,1,1961,1,59,2,1,1,2858,11473,4,14,3,1,80,0,20,3,2,1,0,0,0,False,True,False,True,True,False,False,False,False,True,False,False,False,False,False,False,False,True,False,True,False,0.6508021455389662,False,True,Sales,Medium
35,0,1224,7,4,1,1962,3,55,3,2,4,5204,13586,1,11,3,4,80,0,10,2,3,10,8,0,9,False,True,False,True,True,False,False,False,False,False,False,False,False,False,False,False,True,False,True,False,True,0.0177262661380364,True,False,Sales,Low
27,0,954,9,3,1,1965,4,44,3,2,4,4105,5099,1,14,3,1,80,0,7,5,3,7,7,0,7,False,True,False,True,False,True,False,False,False,True,False,False,False,False,False,False,True,False,False,True,False,0.0111500729945599,True,False,Sales,Low
32,0,1373,5,4,1,1966,4,56,2,2,4,9679,10138,8,24,4,2,80,0,8,1,3,1,0,0,0,False,True,True,False,True,False,False,False,False,True,False,False,False,True,False,False,False,False,False,True,False,0.1125832158638021,True,False,Research & Development,Low
31,1,754,26,4,1,1967,1,63,3,2,4,5617,21075,1,11,3,3,80,0,10,4,3,10,7,0,8,True,False,False,True,False,True,False,False,False,True,False,False,False,False,False,False,True,False,True,False,True,0.4121725606775292,False,True,Sales,Medium
53,1,1168,24,4,1,1968,1,66,3,3,1,10448,5843,6,13,3,2,80,0,15,2,2,2,2,2,2,False,True,False,True,True,False,False,False,False,True,False,False,False,False,False,False,True,False,False,True,True,0.917686988710772,False,False,Sales,High
54,0,155,9,2,1,1969,1,67,3,2,3,2897,22474,3,11,3,3,80,2,9,6,2,4,3,2,3,False,True,True,False,True,False,False,False,False,False,False,False,False,False,False,True,False,False,True,False,False,0.0122900852315827,True,False,Research & Development,Low
33,0,1303,7,2,1,1970,4,36,3,2,3,5968,18079,1,20,4,3,80,3,9,2,3,9,7,2,8,True,False,True,False,True,False,False,False,False,True,False,False,False,False,False,False,False,False,False,False,False,0.0010800545832227,True,False,Research & Development,Low
43,0,574,11,3,1,1971,1,30,3,3,3,7510,16873,1,17,3,2,80,1,10,1,3,10,9,0,9,False,True,True,False,True,False,False,False,False,True,False,False,False,False,False,False,False,False,True,False,False,0.0026282478829217,True,False,Research & Development,Low
38,0,1444,1,4,1,1972,4,88,3,1,2,2991,5224,0,11,3,2,80,1,7,2,3,6,2,1,2,True,False,False,False,False,False,False,True,False,True,True,False,False,False,False,False,False,False,True,False,True,0.3874310935623432,False,True,Other,Medium
55,0,189,26,4,1,1973,3,71,4,5,2,19636,25811,4,18,3,1,80,1,35,0,3,10,9,1,4,False,True,False,False,False,False,False,False,False,True,False,False,True,False,False,False,False,False,True,False,True,0.0565422370683833,True,False,Other,Low
31,0,1276,2,1,1,1974,4,59,1,1,4,1129,17536,1,11,3,3,80,3,1,4,3,1,0,0,0,False,True,True,False,False,False,True,False,False,False,False,True,False,False,False,False,False,False,False,False,True,0.106183174423886,True,False,Research & Development,Low
39,0,119,15,4,1,1975,2,77,3,4,1,13341,25098,0,12,3,1,80,0,21,3,3,20,8,11,10,False,True,False,True,False,True,False,False,False,True,False,False,False,False,False,False,True,False,False,True,False,0.5364437986358027,False,True,Sales,Medium
42,0,335,23,2,1,1976,4,37,2,2,3,4332,14811,1,12,3,4,80,0,20,2,3,20,9,3,7,False,False,True,False,True,False,False,False,False,True,False,False,False,False,False,True,False,False,False,True,False,0.0164487196543875,True,False,Research & Development,Low
31,0,697,10,3,1,1979,3,40,3,3,3,11031,26862,4,20,4,3,80,1,13,2,4,11,7,4,8,False,False,True,False,False,False,True,False,False,False,False,False,False,False,True,False,False,False,True,False,False,0.0003895697940437,True,False,Research & Development,Low
54,0,157,10,3,1,1980,3,77,3,2,1,4440,25198,6,19,3,4,80,0,9,3,3,5,2,1,4,False,True,True,False,False,False,True,False,False,False,False,False,False,True,False,False,False,False,False,True,True,0.3589863306538715,False,True,Research & Development,Medium
24,0,771,1,2,1,1981,2,45,2,2,3,4617,14120,1,12,3,2,80,0,4,2,2,4,3,1,2,False,True,True,False,True,False,False,False,False,True,False,False,False,False,False,False,False,False,False,True,False,0.0678456280890955,True,False,Research & Development,Low
23,0,571,12,2,1,1982,4,78,3,1,4,2647,13672,1,13,3,3,80,0,5,6,4,5,2,1,4,False,True,True,False,False,False,False,True,False,True,False,True,False,False,False,False,False,False,False,True,False,0.0440639444795501,True,False,Research & Development,Low
40,0,692,11,3,1,1985,4,73,3,2,3,6323,26849,1,11,3,1,80,1,10,2,4,10,9,9,4,True,False,True,False,False,False,False,False,True,False,False,True,False,False,False,False,False,False,True,False,False,0.1946647243259891,True,False,Research & Development,Low
40,0,444,2,2,1,1986,2,92,3,2,2,5677,4258,3,14,3,3,80,1,15,4,3,11,8,5,10,False,True,False,True,False,True,False,False,False,False,False,False,False,False,False,False,True,False,True,False,False,0.0108065094194168,True,False,Sales,Low
25,0,309,2,3,1,1987,3,82,3,1,2,2187,19655,4,14,3,3,80,0,6,3,3,2,0,1,2,False,True,False,False,False,False,False,False,False,False,True,False,False,False,False,False,False,False,True,False,False,0.1700474970321929,True,False,Other,Low
30,0,911,1,2,1,1989,4,76,3,1,2,3748,4077,1,13,3,3,80,0,12,6,2,12,8,1,7,False,True,True,False,False,False,True,False,False,True,False,True,False,False,False,False,False,False,True,False,False,0.0113644711505559,True,False,Research & Development,Low
25,0,977,2,1,1,1992,4,57,3,1,3,3977,7298,6,19,3,3,80,1,7,2,2,2,2,0,2,False,True,True,False,False,False,False,True,False,True,False,True,False,False,False,False,False,False,False,False,True,0.2944887329137134,True,False,Research & Development,Low
47,0,1180,25,3,1,1993,1,84,3,3,3,8633,13084,2,23,4,2,80,0,25,3,3,17,14,12,11,False,True,True,False,False,False,True,False,False,True,False,False,False,False,False,False,False,False,False,True,False,0.0183447422288073,True,False,Research & Development,Low
33,0,1313,1,2,1,1994,2,59,2,1,3,2008,20439,1,12,3,3,80,3,1,2,2,1,1,0,0,False,False,True,False,False,False,True,False,False,True,False,True,False,False,False,False,False,False,False,False,False,0.0267420061678981,True,False,Research & Development,Low
38,0,1321,1,4,1,1995,4,86,3,2,2,4440,7636,0,15,3,1,80,2,16,3,3,15,13,5,8,False,True,False,True,True,False,False,False,False,True,False,False,False,False,False,False,True,False,True,False,False,0.0029859626579815,True,False,Sales,Low
31,0,1154,2,2,1,1996,1,54,3,1,3,3067,6393,0,19,3,3,80,1,3,1,3,2,2,1,2,False,True,False,True,True,False,False,False,False,True,False,False,False,False,False,False,False,True,True,False,False,0.0961039128415753,True,False,Sales,Low
38,0,508,6,4,1,1997,1,72,2,2,3,5321,14284,2,11,3,4,80,1,10,1,3,8,3,7,7,True,False,True,False,True,False,False,False,False,True,False,False,False,True,False,False,False,False,True,False,False,0.1451848994536053,True,False,Research & Development,Low
42,0,557,18,4,1,1998,4,35,3,2,1,5410,11189,6,17,3,3,80,1,9,3,2,4,3,1,2,False,True,True,False,True,False,False,False,False,True,False,False,False,False,False,True,False,False,False,False,True,0.3141653258141726,False,True,Research & Development,Medium
41,0,642,1,3,1,1999,4,76,3,1,4,2782,21412,3,22,4,1,80,1,12,3,3,5,3,1,0,False,True,True,False,True,False,False,False,False,True,False,False,False,False,False,True,False,False,True,False,False,0.0077792250034333,True,False,Research & Development,Low
47,0,1162,1,1,1,2000,3,98,3,3,2,11957,17231,0,18,3,1,80,2,14,3,1,13,8,5,12,False,False,True,False,False,False,True,False,False,False,False,False,False,False,True,False,False,False,True,False,False,0.0001951558475802,True,False,Research & Development,Low
35,0,1490,11,4,1,2003,4,43,3,1,3,2660,20232,7,11,3,3,80,1,5,3,3,2,2,2,2,False,True,True,False,False,False,True,False,False,True,False,True,False,False,False,False,False,False,True,False,True,0.5033139910824177,False,True,Research & Development,Medium
22,0,581,1,2,1,2007,4,63,3,1,3,3375,17624,0,12,3,4,80,0,4,2,4,3,2,1,2,False,True,True,False,True,False,False,False,False,True,False,False,False,False,False,True,False,False,False,True,False,0.021347147953816,True,False,Research & Development,Low
35,0,1395,9,4,1,2008,2,48,3,2,3,5098,18698,1,19,3,2,80,0,10,5,3,10,7,0,8,False,True,True,False,False,False,True,False,False,True,False,False,False,False,False,True,False,False,False,True,False,0.0133392771326435,True,False,Research & Development,Low
33,0,501,15,2,1,2009,2,95,3,2,4,4878,21653,0,13,3,1,80,1,10,6,3,9,7,8,1,False,True,True,False,False,False,True,False,False,False,False,False,False,False,False,False,False,False,True,False,True,0.0693126696850574,True,False,Research & Development,Low
32,0,267,29,4,1,2010,3,49,2,1,2,2837,15919,1,13,3,3,80,0,6,3,3,6,2,4,1,False,True,True,False,True,False,False,False,False,False,False,True,False,False,False,False,False,False,False,True,False,0.6221804523653186,False,True,Research & Development,Medium
40,0,543,1,4,1,2012,1,83,3,1,4,2406,4060,8,19,3,3,80,2,8,3,2,1,0,0,0,False,True,True,False,True,False,False,False,False,True,False,True,False,False,False,False,False,False,True,False,False,0.1660336423981493,True,False,Research & Development,Low
32,0,234,1,4,1,2013,2,68,2,1,2,2269,18024,0,14,3,2,80,1,3,2,3,2,2,2,2,False,True,False,True,False,False,True,False,False,True,False,False,False,False,False,False,False,True,True,False,False,0.2693012938305087,True,False,Sales,Low
39,0,116,24,1,1,2014,1,52,3,2,4,4108,5340,7,13,3,1,80,0,18,2,3,7,7,1,7,False,True,True,False,True,False,False,False,False,True,False,False,False,False,False,True,False,False,False,True,False,0.0791039033091592,True,False,Research & Development,Low
38,0,201,10,3,1,2015,2,99,1,3,3,13206,3376,3,12,3,1,80,1,20,3,3,18,16,1,11,False,True,True,False,False,False,True,False,False,False,False,False,False,False,True,False,False,False,True,False,False,0.0006588611961173,True,False,Research & Development,Low
32,0,801,1,4,1,2016,3,48,3,3,4,10422,24032,1,19,3,3,80,2,14,3,3,14,10,5,7,False,True,False,True,False,True,False,False,False,False,False,False,False,False,False,False,True,False,True,False,False,0.0050078968341943,True,False,Sales,Low
37,0,161,10,3,1,2017,3,42,4,3,4,13744,15471,1,25,4,1,80,1,16,2,3,16,11,6,8,False,True,True,False,True,False,False,False,False,False,False,False,False,False,True,False,False,False,True,False,True,0.0033452679707862,True,False,Research & Development,Low
25,0,1382,8,2,1,2018,1,85,3,2,3,4907,13684,0,22,4,2,80,1,6,3,2,5,3,0,4,False,True,False,True,False,False,False,True,False,False,False,False,False,False,False,False,True,False,False,False,True,0.1287437450789539,True,False,Sales,Low
52,0,585,29,4,1,2019,1,40,3,1,4,3482,19788,2,15,3,2,80,2,16,3,2,9,8,0,0,False,False,False,True,True,False,False,False,False,True,False,False,False,False,False,False,False,True,False,False,False,0.0300672587970974,True,False,Sales,Low
44,0,1037,1,3,1,2020,2,42,3,1,4,2436,13422,6,12,3,3,80,0,6,2,3,4,3,1,2,False,True,True,False,False,False,True,False,False,True,False,False,False,False,False,True,False,False,False,True,True,0.3771356825819577,False,True,Research & Development,Medium
21,0,501,5,1,1,2021,3,58,3,1,1,2380,25479,1,11,3,4,80,0,2,6,3,2,2,1,2,False,True,False,True,False,False,True,False,False,True,False,False,False,False,False,False,False,True,False,True,True,0.7845824853280651,False,False,Sales,High
39,0,105,9,3,1,2022,4,87,3,5,4,19431,15302,2,13,3,3,80,0,21,3,2,6,0,1,3,False,False,True,False,True,False,False,False,False,True,False,False,True,False,False,False,False,False,False,True,False,0.0062232697729793,True,False,Research & Development,Low
23,1,638,9,3,1,2023,4,33,3,1,1,1790,26956,1,19,3,1,80,1,1,3,2,1,0,1,0,True,False,False,True,False,True,False,False,False,True,False,False,False,False,False,False,False,True,True,False,False,0.6579106787160062,False,True,Sales,Medium
36,0,557,3,3,1,2024,1,94,2,3,4,7644,12695,0,19,3,3,80,2,10,2,3,9,7,3,4,False,True,False,True,False,False,True,False,False,False,False,False,False,False,False,False,True,False,True,False,False,0.0137910141174078,True,False,Sales,Low
36,0,688,4,2,1,2025,4,97,3,2,2,5131,9192,7,13,3,2,80,3,18,3,3,4,2,0,2,True,False,True,False,True,False,False,False,False,False,False,False,False,True,False,False,False,False,False,False,False,0.0088491749712272,True,False,Research & Development,Low
56,0,667,1,4,1,2026,3,57,3,2,3,6306,26236,1,21,4,1,80,1,13,2,2,13,12,1,9,False,False,True,False,True,False,False,False,False,True,False,False,False,False,False,False,False,False,False,False,False,0.0001909527232584,True,False,Research & Development,Low
29,1,1092,1,4,1,2027,1,36,3,1,4,4787,26124,9,14,3,2,80,3,4,3,4,2,2,2,2,False,True,True,False,False,False,True,False,False,True,False,False,False,False,False,True,False,False,True,False,True,0.3794649858462502,False,True,Research & Development,Medium
42,0,300,2,3,1,2031,1,56,3,5,3,18880,17312,5,11,3,1,80,0,24,2,2,22,6,4,14,False,True,True,False,True,False,False,False,False,True,False,False,True,False,False,False,False,False,True,False,False,0.0349672167168122,True,False,Research & Development,Low
56,1,310,7,2,1,2032,4,72,3,1,3,2339,3666,8,11,3,4,80,1,14,4,1,10,9,9,8,False,True,True,False,False,False,False,False,True,True,False,True,False,False,False,False,False,False,True,False,False,0.1421169904223622,True,False,Research & Development,Low
41,0,582,28,4,1,2034,1,60,2,4,2,13570,5640,0,23,4,3,80,1,21,3,3,20,7,0,10,False,True,True,False,True,False,False,False,False,False,False,False,False,True,False,False,False,False,True,False,False,0.0144561025629293,True,False,Research & Development,Low
34,0,704,28,3,1,2035,4,95,2,2,3,6712,8978,1,21,4,4,80,2,8,2,3,8,7,1,7,False,True,False,True,False,True,False,False,False,False,False,False,False,False,False,False,True,False,True,False,False,0.0115375344398991,True,False,Sales,Low
36,0,301,15,4,1,2036,4,88,1,2,4,5406,10436,1,24,4,1,80,1,15,4,2,15,12,11,11,False,False,False,True,False,True,False,False,False,True,False,False,False,False,False,False,True,False,False,False,False,0.0105374957758663,True,False,Sales,Low
41,0,930,3,3,1,2037,3,57,2,2,2,8938,12227,2,11,3,3,80,1,14,5,3,5,4,0,4,False,True,False,True,True,False,False,False,False,True,False,False,False,False,False,False,True,False,False,False,False,0.0084330673054107,True,False,Sales,Low
32,0,529,2,3,1,2038,4,78,3,1,1,2439,11288,1,14,3,4,80,0,4,4,3,4,2,1,2,False,True,True,False,False,False,False,False,True,True,False,False,False,False,False,True,False,False,False,True,False,0.1300243023520481,True,False,Research & Development,Low
35,0,1146,26,4,1,2040,3,31,3,3,4,8837,16642,1,16,3,3,80,0,9,2,3,9,0,1,7,False,True,False,False,True,False,False,False,False,False,True,False,False,False,False,False,False,False,False,True,True,0.51749614999411,False,True,Other,Medium
38,0,345,10,2,1,2041,1,100,3,2,4,5343,5982,1,11,3,3,80,1,10,1,3,10,7,1,9,False,True,False,True,True,False,False,False,False,False,False,False,False,False,False,False,True,False,True,False,False,0.0080990979087681,True,False,Sales,Low
50,1,878,1,4,1,2044,2,94,3,2,3,6728,14255,7,12,3,4,80,2,12,3,3,6,3,0,1,True,False,False,True,True,False,False,False,False,True,False,False,False,False,False,False,True,False,False,False,False,0.0518531386397944,True,False,Sales,Low
36,0,1120,11,4,1,2045,2,100,2,2,4,6652,14369,4,13,3,1,80,1,8,2,2,6,3,0,0,False,True,False,True,False,True,False,False,False,False,False,False,False,False,False,False,True,False,True,False,False,0.1529208852691791,True,False,Sales,Low
45,0,374,20,3,1,2046,4,50,3,2,3,4850,23333,8,15,3,3,80,0,8,3,3,5,3,0,1,False,True,False,True,True,False,False,False,False,False,False,False,False,False,False,False,True,False,False,True,False,0.1449729986202088,True,False,Sales,Low
40,0,1322,2,4,1,2048,3,52,2,1,3,2809,2725,2,14,3,4,80,0,8,2,3,2,2,2,2,False,True,True,False,True,False,False,False,False,True,False,False,False,False,False,True,False,False,False,True,False,0.039926697164983,True,False,Research & Development,Low
35,0,1199,18,4,1,2049,3,80,3,2,3,5689,24594,1,14,3,4,80,2,10,2,4,10,2,0,2,True,False,True,False,True,False,False,False,False,True,False,False,False,False,False,False,False,False,True,False,True,0.1288020603086392,True,False,Research & Development,Low
40,0,1194,2,4,1,2051,3,98,3,1,3,2001,12549,2,14,3,2,80,3,20,2,3,5,3,0,2,False,True,True,False,False,False,True,False,False,False,False,False,False,False,False,True,False,False,True,False,False,0.0026286114636606,True,False,Research & Development,Low
35,0,287,1,4,1,2052,3,62,1,1,4,2977,8952,1,12,3,4,80,1,4,5,3,4,3,1,1,False,True,True,False,True,False,False,False,False,False,False,False,False,False,False,True,False,False,True,False,False,0.0100092571863575,True,False,Research & Development,Low
29,0,1378,13,2,1,2053,4,46,2,2,2,4025,23679,4,13,3,1,80,1,10,2,3,4,3,0,3,False,True,True,False,False,False,False,True,False,True,False,True,False,False,False,False,False,False,True,False,True,0.5498464498312962,False,True,Research & Development,Medium
29,0,468,28,4,1,2054,4,73,2,1,1,3785,8489,1,14,3,2,80,0,5,3,1,5,4,0,4,False,True,True,False,False,False,True,False,False,False,False,False,False,False,False,True,False,False,False,True,False,0.2436983445981943,True,False,Research & Development,Low
50,1,410,28,3,1,2055,4,39,2,3,1,10854,16586,4,13,3,2,80,1,20,3,3,3,2,2,0,False,True,False,True,False,True,False,False,False,True,False,False,False,False,False,False,True,False,False,False,True,0.5298272398141142,False,True,Sales,Medium
39,0,722,24,1,1,2056,2,60,2,4,4,12031,8828,0,11,3,1,80,1,21,2,2,20,9,9,6,False,True,False,True,False,True,False,False,False,False,False,False,False,False,False,False,True,False,True,False,False,0.1309821895511814,True,False,Sales,Low
31,0,325,5,3,1,2057,2,74,3,2,1,9936,3787,0,19,3,2,80,0,10,2,3,9,4,1,7,False,False,True,False,False,False,True,False,False,True,False,False,False,True,False,False,False,False,False,True,False,0.0247732662083743,True,False,Research & Development,Low
26,0,1167,5,3,1,2060,4,30,2,1,3,2966,21378,0,18,3,4,80,0,5,2,3,4,2,0,0,False,True,False,True,False,False,False,True,False,False,False,False,False,False,False,False,False,True,False,True,False,0.1463489792553725,True,False,Sales,Low
36,0,884,23,2,1,2061,3,41,4,2,4,2571,12290,4,17,3,3,80,1,17,3,3,5,2,0,3,True,False,True,False,False,False,True,False,False,True,False,True,False,False,False,False,False,False,True,False,False,0.045803520590612,True,False,Research & Development,Low
39,0,613,6,1,1,2062,4,42,2,3,1,9991,21457,4,15,3,1,80,1,9,5,3,7,7,1,7,False,True,True,False,False,False,True,False,False,True,False,False,False,False,False,False,False,False,True,False,False,0.0057204642870703,True,False,Research & Development,Low
27,0,155,4,3,1,2064,2,87,4,2,2,6142,5174,1,20,4,2,80,1,6,0,3,6,2,0,3,False,True,True,False,True,False,False,False,False,True,False,False,False,True,False,False,False,False,True,False,True,0.1753709181736818,True,False,Research & Development,Low
49,0,1023,2,3,1,2065,4,63,2,2,2,5390,13243,2,14,3,4,80,0,17,3,2,9,6,0,8,True,False,False,True,False,False,True,False,False,True,False,False,False,False,False,False,True,False,True,False,False,0.0147664779314885,True,False,Sales,Low
34,0,628,8,3,1,2068,2,82,4,2,3,4404,10228,2,12,3,1,80,0,6,3,4,4,3,1,2,False,True,True,False,False,False,True,False,False,True,False,True,False,False,False,False,False,False,True,False,False,0.0502759697856057,True,False,Research & Development,Low
